date,product_category,store_id,promotion,day_of_week,holiday,competitor_price_index,daily_sales
2023-01-01,Electronics,2,0,Sunday,0,1.0490873789203907,53.6
2023-01-02,Electronics,5,0,Monday,0,0.993459004459147,19.200262360140485
2023-01-03,Home Goods,1,0,Tuesday,0,1.033599555991692,15.200415406393924
2023-01-04,Clothing,5,0,Wednesday,0,1.0316285846479842,24.801016659436485
2023-01-05,Clothing,1,0,Thursday,0,1.0049108754401737,14.400787096554296
2023-01-06,Clothing,4,1,Friday,0,0.9605194753645742,46.08314840772804
2023-01-07,Toys,3,0,Saturday,0,1.0136973450393436,56.80465705158281
2023-01-08,Clothing,2,0,Sunday,0,1.0881883809275863,4.000382624223129
2023-01-09,Toys,4,1,Monday,0,1.0594879929348557,50.885562300995794
2023-01-10,Clothing,3,0,Tuesday,0,0.9697263905474865,12.8015742468867
2023-01-11,Home Goods,4,1,Wednesday,0,0.9242236309288219,40.32550990174915
2023-01-12,Home Goods,5,0,Thursday,0,1.0794170630572908,16.802525388889467
2023-01-13,Home Goods,3,0,Friday,0,0.9856618822625186,16.002623798591234
2023-01-14,Electronics,4,0,Saturday,0,0.9781898150668756,36.806537676157966
2023-01-15,Clothing,5,0,Sunday,0,1.0323089748434922,20.803979482242234
2023-01-16,Clothing,3,1,Monday,0,,27.845706878910775
2023-01-17,Clothing,5,0,Tuesday,0,0.9707434058491416,16.803673418420384
2023-01-18,Home Goods,5,0,Wednesday,0,0.9500554078163598,27.2063191974823
2023-01-19,Toys,5,1,Thursday,0,1.0911328615520433,57.6141690932412
2023-01-20,Clothing,3,0,Friday,0,1.0919411658995974,15.20394681914268
2023-01-21,Toys,5,0,Saturday,0,0.9026051995839075,36.810058444379074
2023-01-22,Clothing,4,1,Sunday,0,1.058811500122593,37.45074511595535
2023-01-23,Electronics,1,0,Monday,0,0.9774043439827531,53.61611559741053
2023-01-24,Clothing,3,0,Tuesday,0,1.0704912606345238,32.81031011682058
2023-01-25,Home Goods,1,0,Wednesday,0,1.0266764435691076,4.001312006863102
2023-01-26,Toys,5,0,Thursday,0,0.9343221486561514,56.01913356415235
2023-01-27,Home Goods,1,0,Friday,0,1.0391929573436078,16.005685440766026
2023-01-28,Clothing,5,1,Saturday,0,1.0366874102046577,20.167439231401115
2023-01-29,Toys,3,0,Sunday,0,0.9622346102681103,55.221123887816844
2023-01-30,Toys,5,0,Monday,0,1.060989319111517,33.61331732461653
2023-01-31,Electronics,3,0,Tuesday,0,0.9248301932010811,33.61377663683816
2023-02-01,Electronics,5,0,Wednesday,0,1.0513256508933642,32.013558052701065
2023-02-02,Clothing,4,0,Thursday,0,1.0567432271982669,32.81434539248879
2023-02-03,Clothing,4,0,Friday,0,1.0769876769388202,27.21226801855915
2023-02-04,Home Goods,5,0,Saturday,0,0.9356482080863102,30.414126905775493
2023-02-05,Electronics,3,0,Sunday,0,1.0435366261145333,44.821431056123686
2023-02-06,Toys,2,0,Monday,0,1.0034269085330083,36.818107179304384
2023-02-07,Electronics,3,0,Tuesday,0,1.034380669431284,20.810518855985976
2023-02-08,Toys,4,0,Wednesday,0,1.0499492650757036,27.214127291886555
2023-02-09,Toys,1,0,Thursday,0,1.002818343170936,192.10234702444166
2023-02-10,Electronics,5,0,Friday,0,0.9271851349279707,59.23236637418282
2023-02-11,Toys,2,0,Saturday,0,0.9583969089364947,36.82062276986807
2023-02-12,Home Goods,2,1,Sunday,0,0.9585181072470598,27.8559822091191
2023-02-13,Toys,1,1,Monday,0,1.0882323573056527,57.633854171820296
2023-02-14,Clothing,3,0,Tuesday,0,1.0364826962988363,28.016839722494172
2023-02-15,Electronics,1,0,Wednesday,0,0.969424006924106,25.615746341613985
2023-02-16,Home Goods,5,0,Thursday,0,0.9601852645149506,16.810563243010645
2023-02-17,Toys,4,0,Friday,0,0.9161764969460586,38.42466960565934
2023-02-18,Toys,1,0,Saturday,0,0.9519670916890605,49.63254310642714
2023-02-19,Home Goods,5,0,Sunday,0,1.0547255974757217,19.212859863798048
2023-02-20,Clothing,5,0,Monday,0,0.9563881549477844,27.218590066189684
2023-02-21,Electronics,1,0,Tuesday,0,0.9112514109302062,43.23011611301103
2023-02-22,Toys,3,0,Wednesday,0,1.0784110206420081,40.0284322544921
2023-02-23,Home Goods,1,0,Thursday,0,1.030700215882923,22.41622836691461
2023-02-24,Home Goods,3,0,Friday,0,0.9105240988187601,8.806495765374668
2023-02-25,Toys,3,1,Saturday,0,0.9018678377810208,61.486192424967214
2023-02-26,Electronics,2,0,Sunday,0,0.9835132962897626,45.63490701420818
2023-02-27,Clothing,2,0,Monday,0,1.0309165613618823,12.009350156982078
2023-02-28,Home Goods,3,0,Tuesday,0,0.9643858884410671,12.810148543825008
2023-03-01,Electronics,4,0,Wednesday,0,,39.2316159921119
2023-03-02,Clothing,4,0,Thursday,0,0.9284286961746497,26.421653438996003
2023-03-03,Electronics,4,0,Friday,0,0.9743180712603913,24.820680269160942
2023-03-04,Toys,3,1,Saturday,0,0.9564540385679321,22.09871407636332
2023-03-05,Home Goods,3,0,Sunday,0,1.0040795594567384,23.219980628300977
2023-03-06,Electronics,4,0,Monday,0,1.0407813764186151,35.23079684388177
2023-03-07,Electronics,2,0,Tuesday,0,1.0829753390087276,71.26326738610463
2023-03-08,Clothing,4,0,Wednesday,0,0.9622530823776714,20.01804527232637
2023-03-09,Toys,4,0,Thursday,0,1.0838823038634495,52.848361660302466
2023-03-10,Electronics,5,0,Friday,0,0.927971160261905,32.8304914586784
2023-03-11,Electronics,2,0,Saturday,0,0.9315726961836319,33.63169470985393
2023-03-12,Clothing,1,0,Sunday,0,0.9848519255284047,6.4061246234657165
2023-03-13,Toys,1,0,Monday,0,0.9040369832517873,27.226401682279487
2023-03-14,Home Goods,3,0,Tuesday,0,1.0975366679053615,7.2070871611535345
2023-03-15,Clothing,2,0,Wednesday,0,0.9671113089545653,23.223153738714643
2023-03-16,Clothing,1,0,Thursday,0,1.0933123835364138,12.012140210484874
2023-03-17,Home Goods,4,0,Friday,0,1.059463619362653,13.613944931658843
2023-03-18,Clothing,1,0,Saturday,0,0.9452116650092623,16.817455892559575
2023-03-19,Home Goods,3,1,Sunday,0,0.9864057605381363,16.33718039060412
2023-03-20,Home Goods,2,0,Monday,0,0.9965999745917121,68.07251513119391
2023-03-21,Clothing,5,0,Tuesday,0,1.003275209558015,27.22937812569908
2023-03-22,Toys,4,0,Wednesday,0,0.9685795594303525,48.05250036000852
2023-03-23,Toys,4,0,Thursday,0,0.9325335239050481,27.230122287394877
2023-03-24,Toys,3,0,Friday,0,1.0402595177928855,36.84125709676433
2023-03-25,Clothing,3,0,Saturday,0,0.9040534377594259,51.258101589511774
2023-03-26,Electronics,2,0,Sunday,0,1.0434500652872378,60.06890860604005
2023-03-27,Clothing,3,0,Monday,0,1.0991150898098383,20.023243141028985
2023-03-28,Home Goods,2,0,Tuesday,0,0.9361494827392032,20.023516750449996
2023-03-29,Home Goods,2,0,Wednesday,0,0.9447408710364497,26.431403279964897
2023-03-30,Clothing,5,0,Thursday,0,0.9797670533179195,0.0
2023-03-31,Electronics,1,0,Friday,0,1.0765042956344857,48.85938374679574
2023-04-01,Home Goods,5,0,Saturday,0,1.0183915733994007,25.23101014415792
2023-04-02,Home Goods,1,0,Sunday,0,1.0359628130210317,16.220156731446362
2023-04-03,Home Goods,4,0,Monday,0,0.9003272974582351,22.528303296178304
2023-04-04,Electronics,2,0,Tuesday,0,1.024511849405868,36.94692226340226
2023-04-05,Clothing,1,0,Wednesday,0,1.091165152882273,25.232389258126386
2023-04-06,Toys,1,0,Thursday,0,1.089497109476334,54.97131346257857
2023-04-07,Toys,3,0,Friday,0,1.0417083357582115,77.50159930466246
2023-04-08,Electronics,1,0,Saturday,0,1.0639757719211655,48.664459883066876
2023-04-09,Home Goods,4,0,Sunday,0,0.9970234529764066,11.715678207756948
2023-04-10,Home Goods,3,0,Monday,0,1.0410788354827238,4.5060916529630175
2023-04-11,Home Goods,1,0,Tuesday,0,1.0659321574242326,12.617229035210483
2023-04-12,Electronics,4,1,Wednesday,0,0.9291214655512148,20.548339495296634
2023-04-13,Toys,3,0,Thursday,0,0.9816523219768091,60.38410345422251
2023-04-14,Clothing,1,0,Friday,0,0.9529629971264797,34.24816844738156
2023-04-15,Electronics,1,0,Saturday,0,1.0382196718550947,81.11519155559346
2023-04-16,Home Goods,3,0,Sunday,0,0.9841280700344937,23.433597766650234
2023-04-17,Electronics,4,0,Monday,0,0.9193683861712594,86.52523560801664
2023-04-18,Electronics,1,0,Tuesday,0,0.9592134871805822,31.546089873937234
2023-04-19,Home Goods,1,0,Wednesday,0,1.0790609713170956,19.829241732672102
2023-04-20,Electronics,3,0,Thursday,0,0.9086957462473075,44.16573281209185
2023-04-21,Clothing,1,0,Friday,0,1.0166558200372817,16.224368443622996
2023-04-22,Clothing,2,0,Saturday,0,1.037747550537701,42.36420759554933
2023-04-23,Clothing,2,0,Sunday,0,1.037521651753314,33.35100212657151
2023-04-24,Electronics,5,0,Monday,0,1.039318271074353,180.27815056412618
2023-04-25,Electronics,2,0,Tuesday,0,1.0035969657240886,35.15471972829508
2023-04-26,Toys,2,0,Wednesday,0,0.963947780281276,38.76086165219057
2023-04-27,Home Goods,2,0,Thursday,0,0.951357453532811,30.64854196090562
2023-04-28,Home Goods,3,0,Friday,0,0.9143233766188991,27.94464069356623
2023-04-29,Clothing,2,1,Saturday,0,1.001421837348717,33.53402705477061
2023-04-30,Home Goods,5,0,Sunday,0,0.9606474740685866,9.014646581592249
2023-05-01,Clothing,4,0,Monday,0,1.0282189466157359,19.832493478704816
2023-05-02,Electronics,5,1,Tuesday,0,0.977351131050648,45.43506044877875
2023-05-03,Toys,2,0,Wednesday,0,0.9481539275512677,19.833035488217877
2023-05-04,Clothing,2,0,Thursday,0,0.9694318253533302,26.143904020788455
2023-05-05,Home Goods,3,0,Friday,0,1.0212814194310864,32.45494502052608
2023-05-06,Electronics,4,0,Saturday,0,0.9124431534514922,53.19077560388326
2023-05-07,Electronics,1,0,Sunday,0,1.0790622204312128,64.91166398732533
2023-05-08,Clothing,5,0,Monday,0,0.9892060864084342,17.12970095269723
2023-05-09,Toys,4,0,Tuesday,0,1.0899483302913688,19.834661605635347
2023-05-10,Clothing,2,0,Wednesday,0,0.990515933645785,14.425405555030451
2023-05-11,Clothing,1,0,Thursday,0,1.0648393287824511,38.76880718178562
2023-05-12,Home Goods,4,0,Friday,0,0.9754292299509281,12.622574818216759
2023-05-13,Electronics,1,0,Saturday,0,1.0915235124733673,46.884489973414226
2023-05-14,Toys,1,0,Sunday,0,0.9513934001074459,26.14747669793364
2023-05-15,Electronics,1,0,Monday,0,1.0734625004841638,37.86927681672306
2023-05-16,Home Goods,1,0,Tuesday,0,0.9685972272419369,27.04985306063498
2023-05-17,Home Goods,4,0,Wednesday,0,1.0798719740936318,21.640178148643365
2023-05-18,Home Goods,3,0,Thursday,0,0.9024066223224988,14.42698256854624
2023-05-19,Home Goods,2,0,Friday,0,0.9088172373227972,22.54246829274587
2023-05-20,Electronics,1,0,Saturday,0,0.9035222407935988,36.06844212215573
2023-05-21,Electronics,4,0,Sunday,0,1.0430311994337091,44.18444535374959
2023-05-22,Clothing,1,0,Monday,0,1.0124939590445048,47.79199190109689
2023-05-23,Toys,3,0,Tuesday,0,1.0208503159802564,27.052440542888256
2023-05-24,Clothing,3,0,Wednesday,0,1.0753962953375555,38.77569462489392
2023-05-25,Toys,1,0,Thursday,0,1.0536922791196162,39.677997141187866
2023-05-26,Electronics,1,0,Friday,0,0.932352973010392,21.642839631696337
2023-05-27,Clothing,1,0,Saturday,0,1.026261671204222,25.25032460094715
2023-05-28,Home Goods,4,0,Sunday,0,0.9267604259819975,12.625334818148302
2023-05-29,Clothing,3,0,Monday,0,,35.17105615635973
2023-05-30,Electronics,3,1,Tuesday,0,0.9954242315247652,75.75407916341966
2023-05-31,Toys,4,0,Wednesday,0,1.0401929882511323,32.466477562243504
2023-06-01,Toys,5,1,Thursday,0,0.9672811738498057,72.50945735419131
2023-06-02,Clothing,4,0,Friday,0,0.9605005875617544,34.27110734225478
2023-06-03,Electronics,1,0,Saturday,0,0.9463995836823859,7.215068556401628
2023-06-04,Home Goods,4,1,Sunday,0,1.0094311262481177,30.303702018911853
2023-06-05,Toys,4,0,Monday,0,1.0512336516281362,55.016401264949494
2023-06-06,Electronics,2,0,Tuesday,0,0.9884691103761383,40.586424374915275
2023-06-07,Clothing,2,0,Wednesday,0,0.9171276923256557,9.019328660397848
2023-06-08,Clothing,5,0,Thursday,0,1.072234366244462,41.489478766826885
2023-06-09,Home Goods,1,0,Friday,0,1.0807066480755911,9.921532668245124
2023-06-10,Toys,2,0,Saturday,0,0.9926194721913796,41.490612648061116
2023-06-11,Clothing,3,0,Sunday,0,0.9247592230066373,35.17730444373158
2023-06-12,Electronics,5,0,Monday,0,0.905501698974482,57.72764738822068
2023-06-13,Clothing,5,0,Tuesday,0,0.9293828994877968,32.472245369751434
2023-06-14,Electronics,2,0,Wednesday,0,0.9898020457048912,51.41509105867885
2023-06-15,Electronics,3,0,Thursday,0,1.068309963301021,61.338139762980624
2023-06-16,Home Goods,3,0,Friday,0,0.9928650160315465,16.23678827388134
2023-06-17,Home Goods,2,0,Saturday,0,1.0970539600846065,5.412336714315525
2023-06-18,Home Goods,5,0,Sunday,0,0.9112954371760703,31.572395584806927
2023-06-19,Home Goods,1,0,Monday,0,0.9628258889215153,18.943696205201064
2023-06-20,Clothing,3,0,Tuesday,0,0.921907174708337,7.216744785925756
2023-06-21,Electronics,4,0,Wednesday,0,1.0059226202996145,35.18211157397178
2023-06-22,Electronics,4,0,Thursday,0,1.0107902361126164,44.20376984187455
2023-06-23,Toys,2,0,Friday,0,0.9005252091989181,18.04260157889577
2023-06-24,Home Goods,5,0,Saturday,0,1.0695055884664968,31.574984216406065
2023-06-25,Clothing,5,0,Sunday,0,1.096102823850064,32.47757040922989
2023-06-26,Toys,1,0,Monday,0,1.0790293421252783,36.086682446594274
2023-06-27,Home Goods,2,0,Tuesday,0,1.052390733411665,3.608717555633783
2023-06-28,Home Goods,2,0,Wednesday,0,1.002873663868712,24.35917635415318
2023-06-29,Toys,4,0,Thursday,0,0.9010136936322438,69.46971145737596
2023-06-30,Home Goods,2,0,Friday,0,1.0897340237713466,31.577573060248007
2023-07-01,Clothing,4,0,Saturday,0,1.091438929885423,21.052003036571733
2023-07-02,Electronics,2,0,Sunday,0,0.9717885282519647,78.19422261328079
2023-07-03,Toys,2,0,Monday,0,1.0599271545437818,270.6760076722754
2023-07-04,Toys,1,0,Tuesday,0,1.0524906649095582,31.07804035860256
2023-07-05,Clothing,5,0,Wednesday,0,0.9026404782364172,42.10630745634501
2023-07-06,Clothing,5,0,Thursday,0,1.0746810152249575,22.055986239990578
2023-07-07,Clothing,3,0,Friday,0,0.9992837001793542,0.0
2023-07-08,Clothing,3,0,Saturday,0,0.9556877415132866,19.048872332134383
2023-07-09,Clothing,2,0,Sunday,0,,25.06464819365415
2023-07-10,Toys,2,0,Monday,0,0.9233582828794227,17.044193670431824
2023-07-11,Electronics,2,0,Tuesday,0,0.9806565721175002,17.044426572361292
2023-07-12,Electronics,2,0,Wednesday,0,0.9439232617210339,44.11558923581317
2023-07-13,Toys,2,0,Thursday,0,1.0660276090117191,43.1135513287068
2023-07-14,Electronics,4,0,Friday,0,0.9832843293075604,71.18846447672883
2023-07-15,Clothing,4,0,Saturday,0,1.0828594131421696,4.010672520448164
2023-07-16,Toys,4,0,Sunday,0,0.9275254161530755,37.09922775297909
2023-07-17,Electronics,2,0,Monday,0,0.9807132160141535,20.05391064796744
2023-07-18,Toys,1,0,Tuesday,0,0.9556448192345289,48.13004322347372
2023-07-19,Home Goods,4,0,Wednesday,0,1.0235543603053796,22.05990457953899
2023-07-20,Toys,5,0,Thursday,0,0.9658120751822861,20.054732744640773
2023-07-21,Clothing,3,0,Friday,0,1.0529204949666027,8.022002713741733
2023-07-22,Electronics,2,0,Saturday,0,0.9796798132428999,90.24876372515637
2023-07-23,Clothing,5,0,Sunday,0,1.083893133452675,33.09166554377543
2023-07-24,Clothing,1,0,Monday,0,1.065993930705968,54.150738100100206
2023-07-25,Toys,5,0,Tuesday,0,1.0210781940605371,50.14025745163866
2023-07-26,Home Goods,3,0,Wednesday,0,0.9940895207202881,47.13248604186792
2023-07-27,Toys,3,0,Thursday,0,0.9802847436687643,13.036823215828683
2023-07-28,Clothing,2,0,Friday,0,0.9272627175499426,52.14800543472523
2023-07-29,Clothing,4,0,Saturday,0,1.0496166241361702,21.06005919871783
2023-07-30,Home Goods,5,0,Sunday,0,0.9083085468104907,15.043104982718464
2023-07-31,Electronics,2,0,Monday,0,0.9170918193542139,69.19922848671473
2023-08-01,Toys,5,0,Tuesday,0,0.9358735862343057,26.075427908869244
2023-08-02,Home Goods,3,0,Wednesday,0,1.0937810692227927,13.037892109458825
2023-08-03,Home Goods,3,0,Thursday,0,0.9779639142873228,22.064426605552594
2023-08-04,Toys,2,0,Friday,0,1.0685134757580508,48.14122496053111
2023-08-05,Electronics,1,0,Saturday,0,0.9201563368480455,62.183265271273804
2023-08-06,Toys,2,0,Sunday,0,1.0868055669683099,37.10987506879264
2023-08-07,Toys,3,0,Monday,0,1.0865418125377855,61.18198139899235
2023-08-08,Home Goods,5,0,Tuesday,0,1.0289265725248058,20.05994013958142
2023-08-09,Clothing,1,0,Wednesday,0,0.959323675974484,36.10838565081342
2023-08-10,Clothing,2,0,Thursday,0,1.0916192277098729,26.078634874588378
2023-08-11,Clothing,3,0,Friday,0,0.9407842685529886,30.0911437251446
2023-08-12,Electronics,4,0,Saturday,0,1.0606366856582625,30.091554908305802
2023-08-13,Home Goods,1,0,Sunday,0,0.9851141605638132,42.128752535919915
2023-08-14,Electronics,5,0,Monday,0,1.097339483691183,33.10161502063266
2023-08-15,Electronics,2,0,Tuesday,0,1.085575071132521,35.10825324008521
2023-08-16,Clothing,5,0,Wednesday,0,1.0941283789132221,28.086986383995345
2023-08-17,Home Goods,2,0,Thursday,0,0.9497078172272998,19.059286908648954
2023-08-18,Home Goods,3,1,Friday,0,0.9661486532286654,25.278978585224554
2023-08-19,Home Goods,5,0,Saturday,0,1.0389796922523225,25.078694456467243
2023-08-20,Electronics,5,0,Sunday,0,0.937645672404794,61.192850637608906
2023-08-21,Home Goods,5,0,Monday,0,0.9602575468693664,1.0031751936535016
2023-08-22,Toys,5,0,Tuesday,0,0.940735803153053,56.17857849138491
2023-08-23,Home Goods,4,0,Wednesday,0,0.9077883487433022,0.0
2023-08-24,Clothing,5,0,Thursday,0,1.099979038510742,32.10292218081795
2023-08-25,Clothing,1,0,Friday,0,0.9558743090774888,23.074290613890287
2023-08-26,Clothing,4,0,Saturday,0,0.9726524311447662,45.145968093833616
2023-08-27,Home Goods,3,0,Sunday,0,1.0708420429406085,4.0130297773339665
2023-08-28,Clothing,1,1,Monday,0,0.9023830774813982,22.874582298335902
2023-08-29,Home Goods,4,0,Tuesday,0,0.9822957365038589,24.078836705409792
2023-08-30,Home Goods,4,0,Wednesday,0,0.966910832171742,26.085762877261427
2023-08-31,Clothing,4,0,Thursday,0,1.0479831688588803,29.0960561741329
2023-09-01,Home Goods,5,0,Friday,0,1.0246589025587083,21.06984582608383
2023-09-02,Home Goods,4,0,Saturday,0,0.9532667044727575,11.036736719329678
2023-09-03,Electronics,5,0,Sunday,0,0.9087412521630394,50.16767059917755
2023-09-04,Home Goods,3,1,Monday,0,0.9765920202876002,4.816162187506575
2023-09-05,Clothing,5,0,Tuesday,0,0.9390492921840121,53.17918414890474
2023-09-06,Electronics,5,0,Wednesday,0,1.0039021596997475,16.054312700584827
2023-09-07,Toys,5,1,Thursday,0,1.0436506010600752,37.326787077155814
2023-09-08,Toys,3,0,Friday,0,0.988520118048523,39.133456671087075
2023-09-09,Home Goods,5,0,Saturday,0,1.0422024582827332,6.020614063654341
2023-09-10,Toys,5,0,Sunday,0,1.090735217355442,4.013797555253988
2023-09-11,Toys,1,0,Monday,0,0.9604543229286655,24.083114412927202
2023-09-12,Electronics,4,0,Tuesday,0,0.9245789822601831,86.2990058707976
2023-09-13,Home Goods,1,0,Wednesday,0,0.9155001019536234,17.059338917367068
2023-09-14,Toys,4,0,Thursday,0,1.0901480734101623,21.07358897360311
2023-09-15,Electronics,3,0,Friday,0,0.986979843377228,57.20052311083276
2023-09-16,Toys,3,0,Saturday,0,0.9691194733472607,26.091823211345915
2023-09-17,Clothing,3,0,Sunday,0,0.9250235137436243,27.095725120253622
2023-09-18,Toys,4,0,Monday,0,1.082739241561664,22.078299932940993
2023-09-19,Electronics,2,0,Tuesday,0,1.0653352767292728,68.24295047378565
2023-09-20,Electronics,4,0,Wednesday,0,1.0635929324432214,23.08248983342174
2023-09-21,Electronics,3,0,Thursday,0,1.0912942978322953,81.2916184757355
2023-09-22,Electronics,2,0,Friday,0,0.9400715525150947,61.22045045478941
2023-09-23,Toys,3,0,Saturday,0,0.9343514387037275,9.032648902699322
2023-09-24,Toys,2,0,Sunday,0,1.0354962479179628,56.2039167209275
2023-09-25,Home Goods,2,0,Monday,0,0.9764817181414012,20.073101687300866
2023-09-26,Clothing,4,0,Tuesday,0,0.9420632824148911,36.13207676043331
2023-09-27,Electronics,3,0,Wednesday,0,0.9308411503508762,37.13625300409579
2023-09-28,Home Goods,4,0,Thursday,0,1.0232846764938581,18.066532113628238
2023-09-29,Clothing,3,0,Friday,0,0.9332517498519461,14.051939210862031
2023-09-30,Electronics,3,0,Saturday,0,0.9311579439061934,61.227143194029324
2023-10-01,Electronics,4,0,Sunday,0,0.9390893244982244,103.58569703719644
2023-10-02,Toys,4,0,Monday,0,0.9119550130283657,14.454015696745627
2023-10-03,Electronics,3,0,Tuesday,0,0.9805194950602464,48.18071068317791
2023-10-04,Home Goods,2,0,Wednesday,0,0.9615984455191913,14.454410715859993
2023-10-05,Home Goods,1,0,Thursday,0,1.0314344741444699,15.659158915254308
2023-10-06,Electronics,1,0,Friday,0,0.9767220827252622,60.22835727404157
2023-10-07,Home Goods,2,0,Saturday,0,1.0778977224754054,0.0
2023-10-08,Toys,4,0,Sunday,0,0.9973548400943615,60.23000327698284
2023-10-09,Electronics,3,1,Monday,0,0.9684900924880092,46.25727459480766
2023-10-10,Electronics,3,0,Tuesday,0,1.0218786096392838,97.57527190635149
2023-10-11,Toys,3,0,Wednesday,0,1.0999651272024031,36.13948341944432
2023-10-12,Toys,1,0,Thursday,0,1.074642386017143,25.29798407548409
2023-10-13,Toys,5,0,Friday,0,0.9755181893561196,30.117059240572335
2023-10-14,Electronics,3,1,Saturday,0,1.0549290462327452,108.4228948002904
2023-10-15,Electronics,3,0,Sunday,0,1.0495405920095284,73.48763286267402
2023-10-16,Electronics,5,0,Monday,0,1.0596376722516818,25.299366850213012
2023-10-17,Clothing,3,0,Tuesday,0,0.9327742429482461,50.59942511140945
2023-10-18,Electronics,5,1,Wednesday,0,0.9781215017961523,27.468634688713546
2023-10-19,Clothing,2,0,Thursday,0,1.0719858065598507,25.300403980859997
2023-10-20,Toys,3,0,Friday,0,1.060631688218822,15.662368862228947
2023-10-21,Home Goods,5,1,Saturday,0,1.0222450949500832,36.14442203558782
2023-10-22,Electronics,1,0,Sunday,0,0.9640637797141799,44.57872965232706
2023-10-23,Home Goods,1,0,Monday,0,1.0285350296544156,8.433928962619897
2023-10-24,Clothing,1,0,Tuesday,0,1.0761602391377842,22.892405709618306
2023-10-25,Electronics,3,0,Wednesday,0,1.0957466536055165,73.49767526438164
2023-10-26,Home Goods,2,0,Thursday,0,1.0359285655319306,8.434274705904835
2023-10-27,Clothing,2,0,Friday,0,1.081899311770934,30.1228212743433
2023-10-28,Home Goods,1,0,Saturday,0,1.0608445208560644,32.53309152159446
2023-10-29,Electronics,1,0,Sunday,0,1.0289407764872558,56.63245168258209
2023-10-30,Home Goods,4,0,Monday,0,1.0905892871769918,25.30420715699763
2023-10-31,Electronics,5,0,Tuesday,0,0.9350304773847744,133.7526369084737
2023-11-01,Toys,4,0,Wednesday,0,1.0386362398983373,60.249758821398856
2023-11-02,Home Goods,1,0,Thursday,0,1.0077517881503424,14.460139706325577
2023-11-03,Toys,4,0,Friday,0,0.9636440631718355,44.586040002830856
2023-11-04,Toys,5,0,Saturday,0,1.0046017128923683,93.99347680323415
2023-11-05,Clothing,5,0,Sunday,0,1.002115599547048,12.050610408412624
2023-11-06,Toys,4,0,Monday,0,0.9820391180864168,63.86910789787598
2023-11-07,Clothing,4,0,Tuesday,0,0.9853186969890944,33.7426312831422
2023-11-08,Toys,2,0,Wednesday,0,1.0147821354383078,6.025552207568955
2023-11-09,Toys,5,0,Thursday,0,1.030584720007028,74.71786834898907
2023-11-10,Toys,4,0,Friday,0,0.9983852321979357,57.84688206818656
2023-11-11,Home Goods,5,0,Saturday,0,0.9361223076309273,26.51351657265227
2023-11-12,Toys,2,0,Sunday,0,0.9729590274489439,44.59152355241404
2023-11-13,Electronics,1,0,Monday,0,0.9819517671925341,50.61809677967171
2023-11-14,Home Goods,4,0,Tuesday,0,1.0330262886555872,16.872929485081233
2023-11-15,Electronics,2,0,Wednesday,0,0.9946512692462759,61.46651159889582
2023-11-16,Home Goods,4,0,Thursday,0,0.984832981822924,0.0
2023-11-17,Toys,4,0,Friday,0,1.0731035261109627,61.468191439812294
2023-11-18,Toys,1,0,Saturday,0,1.0258786656193544,43.38990450175506
2023-11-19,Home Goods,1,0,Sunday,0,0.9274165853018225,0.0
2023-11-20,Toys,2,0,Monday,0,1.0032368386932007,26.516777418036646
2023-11-21,Home Goods,1,0,Tuesday,0,0.9703067035831231,24.106490689950387
2023-11-22,Toys,3,0,Wednesday,0,1.057152508266195,32.54420712862486
2023-11-23,Home Goods,5,0,Thursday,0,1.0251524764257551,20.491077079340233
2023-11-24,Clothing,1,0,Friday,0,0.9025822787816833,28.928974703323064
2023-11-25,Home Goods,3,0,Saturday,0,0.97033522242753,34.95632209048704
2023-11-26,Toys,1,0,Sunday,0,0.9037065554843055,40.98383419471889
2023-11-27,Clothing,2,1,Monday,0,0.9868151693076948,10.125556219561942
2023-11-28,Electronics,3,0,Tuesday,0,0.9819074468107518,60.271991554421355
2023-11-29,Home Goods,3,0,Wednesday,0,1.0400793681652873,31.341863876187077
2023-11-30,Toys,2,0,Thursday,0,1.0088455433586203,112.10896807473947
2023-12-01,Electronics,3,0,Friday,0,1.082514200442238,49.42505913885756
2023-12-02,Electronics,4,0,Saturday,0,1.018084506479851,56.6587688308964
2023-12-03,Electronics,1,1,Sunday,0,1.080684659722262,26.039279359047466
2023-12-04,Clothing,4,0,Monday,0,0.9387151359333281,31.344005303410142
2023-12-05,Home Goods,4,0,Tuesday,0,1.002494726460855,33.75554388382825
2023-12-06,Home Goods,5,0,Wednesday,0,,21.700289018261316
2023-12-07,Electronics,3,1,Thursday,0,0.950717633360774,102.71610490745131
2023-12-08,Home Goods,2,0,Friday,0,0.959021537755727,28.934509431261425
2023-12-09,Home Goods,2,0,Saturday,0,,12.05621033728686
2023-12-10,Toys,3,0,Sunday,0,0.9654897958150762,50.63677533795683
2023-12-11,Electronics,5,0,Monday,0,1.0438730478624216,45.81485133840522
2023-12-12,Clothing,4,0,Tuesday,0,0.9785200099789094,66.3118751546762
2023-12-13,Clothing,3,0,Wednesday,0,0.9468410421520089,4.822747729404031
2023-12-14,Electronics,3,1,Thursday,0,0.9159074499030941,49.192699028831136
2023-12-15,Clothing,4,0,Friday,0,1.0802771827316289,20.49723801121931
2023-12-16,Electronics,2,0,Saturday,0,0.9736559746380362,32.5548816844016
2023-12-17,Electronics,1,0,Sunday,0,1.036599561264051,68.72791157079291
2023-12-18,Home Goods,3,0,Monday,0,0.9719234041704633,31.350002078049826
2023-12-19,Electronics,5,0,Tuesday,0,0.9474640599179742,63.90664671302847
2023-12-20,Home Goods,4,0,Wednesday,0,0.937843454882292,54.26110186233592
2023-12-21,Electronics,1,0,Thursday,0,0.9816249005445246,98.87713671294779
2023-12-22,Home Goods,4,0,Friday,0,1.0215431520070786,24.116704348425763
2023-12-23,Home Goods,4,1,Saturday,0,0.9743267889375599,34.728528806378655
2023-12-24,Electronics,1,0,Sunday,0,1.0694056876668903,12.058681721357184
2023-12-25,Toys,4,0,Monday,0,1.0125648829456246,49.441270643057415
2023-12-26,Toys,2,1,Tuesday,0,,0.0
2023-12-27,Clothing,3,0,Wednesday,0,0.9721467367678168,13.265093664856607
2023-12-28,Toys,5,0,Thursday,0,1.0953094472684914,56.67890196052539
2023-12-29,Electronics,4,0,Friday,0,1.0300459170747134,75.97488546031293
2023-12-30,Clothing,2,1,Saturday,0,0.9990728137451134,26.04888810035055
2023-12-31,Clothing,3,1,Sunday,0,1.0935862687375766,14.4718022487463
2024-01-01,Home Goods,2,0,Monday,0,1.050496804146331,11.256
2024-01-02,Toys,1,0,Tuesday,0,0.9507256589718484,46.632637207191195
2024-01-03,Electronics,1,0,Wednesday,0,0.9099643360941323,44.22120850465391
2024-01-04,Home Goods,1,1,Thursday,0,0.909978784069621,10.613235064647883
2024-01-05,Home Goods,4,0,Friday,0,0.9134678319372587,22.51323049427988
2024-01-06,Toys,3,0,Saturday,0,1.0230660962457538,57.08790025405266
2024-01-07,Toys,1,0,Sunday,0,1.0133943900192222,69.14966914039863
2024-01-08,Home Goods,3,0,Monday,0,1.0453345280411894,14.473384334439281
2024-01-09,Electronics,1,0,Tuesday,0,1.0285509098836456,22.514461055817947
2024-01-10,Home Goods,1,0,Wednesday,0,0.9741250814090738,12.865582118121132
2024-01-11,Electronics,4,0,Thursday,0,0.9903891201020162,17.690417141422095
2024-01-12,Electronics,2,0,Friday,0,0.9083435508763966,41.814284610636356
2024-01-13,Clothing,1,1,Saturday,0,0.9947016552989274,25.088913591431336
2024-01-14,Electronics,5,0,Sunday,0,1.0086402597656705,47.44442720669101
2024-01-15,Clothing,2,0,Monday,0,0.9486911474371418,27.34122995800835
2024-01-16,Clothing,3,0,Tuesday,0,1.0812888605375777,39.40407572563107
2024-01-17,Toys,2,0,Wednesday,0,1.046866274074015,25.73362557792379
2024-01-18,Toys,1,0,Thursday,0,1.0168615649801926,38.600965826074884
2024-01-19,Clothing,1,0,Friday,0,0.9033415424142051,20.909142200088787
2024-01-20,Home Goods,1,0,Saturday,0,1.0235371499067472,80.42087659599153
2024-01-21,Clothing,4,0,Sunday,0,0.9349242161726765,36.99410873660097
2024-01-22,Home Goods,5,0,Monday,0,0.9986927088100797,13.671922656113185
2024-01-23,Home Goods,2,0,Tuesday,0,1.0032181560838669,8.042417339611577
2024-01-24,Home Goods,2,0,Wednesday,0,1.0056804569969116,0.8042527235952361
2024-01-25,Home Goods,5,0,Thursday,0,1.0471705867592342,4.825582280276901
2024-01-26,Electronics,3,0,Friday,0,1.0993268154589382,45.84365808889239
2024-01-27,Home Goods,2,0,Saturday,0,1.0627320634153843,15.281428174571358
2024-01-28,Home Goods,5,0,Sunday,0,1.0151384473165674,24.128900508997763
2024-01-29,Electronics,1,0,Monday,0,1.0752135293790732,40.215383700910095
2024-01-30,Toys,4,0,Tuesday,0,1.095826450599589,39.41161456311288
2024-01-31,Toys,4,0,Wednesday,0,0.9723381120214762,16.08659310477255
2024-02-01,Home Goods,2,0,Thursday,0,1.0356255336033189,0.804340646074114
2024-02-02,Electronics,5,0,Friday,0,1.0777830038210379,50.67415313476653
2024-02-03,Toys,4,0,Saturday,0,0.9537991436554992,25.73960410226065
2024-02-04,Electronics,2,0,Sunday,0,0.9503910639685041,0.0
2024-02-05,Clothing,4,0,Monday,0,1.064898187532965,21.718384494784218
2024-02-06,Toys,5,0,Tuesday,0,0.9531676958281703,0.0
2024-02-07,Electronics,3,0,Wednesday,0,1.00286222551396,16.08813188481993
2024-02-08,Toys,1,0,Thursday,0,1.0585485675264001,10.4574286196617
2024-02-09,Clothing,3,1,Friday,0,0.9405532448471172,22.202228757349836
2024-02-10,Home Goods,5,0,Saturday,0,1.0271808243180796,17.697670547745698
2024-02-11,Clothing,3,0,Sunday,0,0.9033169155162363,40.22252813447545
2024-02-12,Clothing,1,0,Monday,0,1.0826452702399938,28.15615443120012
2024-02-13,Toys,3,1,Tuesday,0,0.9846653129099717,33.78784700822965
2024-02-14,Toys,4,0,Wednesday,0,1.0623243556712487,16.894154352663985
2024-02-15,Clothing,2,0,Thursday,0,1.001277054181137,17.698879737908907
2024-02-16,Toys,4,0,Friday,0,1.0304174649919806,1.6090110532595905
2024-02-17,Home Goods,4,0,Saturday,0,1.007215757373784,17.699363437106832
2024-02-18,Home Goods,1,0,Sunday,0,1.0545360866396953,24.13582539772223
2024-02-19,Clothing,2,0,Monday,0,0.9102844817007314,11.263539095151605
2024-02-20,Clothing,5,0,Tuesday,0,0.9784510853552676,44.25022252672454
2024-02-21,Home Goods,2,0,Wednesday,0,1.0749564703611054,23.332254335439004
2024-02-22,Electronics,1,0,Thursday,0,0.9095741951695685,58.73371864701625
2024-02-23,Clothing,5,0,Friday,0,0.9566962909867903,5.632077377187294
2024-02-24,Toys,1,0,Saturday,0,1.0475374362428331,47.4710151279901
2024-02-25,Clothing,1,0,Sunday,0,1.0056035447944016,43.4486414440491
2024-02-26,Clothing,2,0,Monday,0,0.9776838418023341,24.13846397330485
2024-02-27,Toys,3,0,Tuesday,0,1.0806002351424977,28.96655257864077
2024-02-28,Electronics,4,0,Wednesday,0,0.9215418205374672,65.17563388812967
2024-02-29,Home Goods,4,0,Thursday,0,1.0095000719587361,22.530156612612835
2024-03-01,Clothing,1,0,Friday,0,1.0165347130462694,22.530464477980228
2024-03-02,Electronics,3,1,Saturday,0,0.9441269553979295,45.383412871502586
2024-03-03,Electronics,4,0,Sunday,0,1.072714214783681,33.796620332003464
2024-03-04,Toys,2,1,Monday,0,0.9783080719969822,34.76271306752811
2024-03-05,Toys,5,0,Tuesday,0,1.0553746023389259,23.33639940943032
2024-03-06,Home Goods,3,0,Wednesday,0,1.0488747225784418,11.266001933960586
2024-03-07,Toys,4,0,Thursday,0,0.9161041279308275,5.6330779396326385
2024-03-08,Electronics,2,0,Friday,0,0.9301906931893287,8.047364161909691
2024-03-09,Toys,5,0,Saturday,0,0.9973941059264615,38.62787580406454
2024-03-10,Home Goods,3,0,Sunday,0,1.025449682108704,22.533235455602128
2024-03-11,Home Goods,5,0,Monday,0,0.9233597714018815,11.266771681520327
2024-03-12,Electronics,2,0,Tuesday,0,1.0556689179294105,13.681266845345442
2024-03-13,Home Goods,1,0,Wednesday,0,1.0869169279906543,25.75332478918863
2024-03-14,Electronics,4,1,Thursday,0,1.0225345727361597,36.6989892944074
2024-03-15,Toys,1,0,Friday,0,0.9873955026133453,30.582908975894487
2024-03-16,Toys,5,1,Saturday,0,1.0176914602646543,23.17894247658432
2024-03-17,Electronics,3,1,Sunday,0,0.9971201205827511,72.43518502295302
2024-03-18,Toys,5,0,Monday,0,0.9217422921925643,37.02293379694257
2024-03-19,Home Goods,4,0,Tuesday,0,0.9374686494437079,9.658288617437629
2024-03-20,Home Goods,3,0,Wednesday,0,0.9044434188916473,16.90223603949644
2024-03-21,Toys,5,0,Thursday,0,0.9810227290574418,29.780537098115275
2024-03-22,Electronics,3,1,Friday,0,1.066564876004059,35.73713284435688
2024-03-23,Toys,4,0,Saturday,0,0.9668057652512778,44.26957578312278
2024-03-24,Electronics,3,0,Sunday,0,1.0047247202004135,30.58667030786648
2024-03-25,Home Goods,2,0,Monday,0,1.0052267939581798,19.318161007702475
2024-03-26,Toys,4,0,Tuesday,0,1.0561462100593326,0.0
2024-03-27,Toys,2,0,Wednesday,0,1.0045399295062452,53.931340015662016
2024-03-28,Clothing,5,1,Thursday,0,1.0729909550057302,0.0
2024-03-29,Clothing,3,0,Friday,0,0.9313032441367471,41.05333597283821
2024-03-30,Electronics,5,0,Saturday,0,1.0963074219798212,16.90454580288728
2024-03-31,Clothing,3,0,Sunday,0,1.0358966391168436,39.44447919203355
2024-04-01,Home Goods,3,0,Monday,0,1.0249687276658004,10.86750501006906
2024-04-02,Toys,4,0,Tuesday,0,,23.54658260516556
2024-04-03,Clothing,2,0,Wednesday,0,0.9277607064586771,21.735604024225914
2024-04-04,Clothing,5,0,Thursday,0,0.9507050300897859,23.547226118387222
2024-04-05,Toys,2,0,Friday,0,0.9100129613063488,14.490798696364973
2024-04-06,Electronics,3,0,Saturday,0,0.910414017945237,40.75592823899255
2024-04-07,Toys,1,0,Sunday,0,0.9618086914568472,48.90778218248221
2024-04-08,Clothing,3,0,Monday,0,1.0125082564016723,8.15140841455089
2024-04-09,Home Goods,4,0,Tuesday,0,1.0805268360396376,25.36028382287586
2024-04-10,Toys,1,0,Wednesday,0,0.9619808912804817,9.057367985990384
2024-04-11,Clothing,1,0,Thursday,0,1.0108048593561225,13.586237626824419
2024-04-12,Electronics,1,0,Friday,0,1.0072957549469748,53.43993155698692
2024-04-13,Electronics,4,0,Saturday,0,0.9294609302120052,57.96953143514687
2024-04-14,Home Goods,4,0,Sunday,0,0.9911266921063427,6.340504139928888
2024-04-15,Toys,2,0,Monday,0,1.0432332945602523,55.25371965709586
2024-04-16,Electronics,5,0,Tuesday,0,1.0000993667902593,40.76149771221409
2024-04-17,Electronics,4,0,Wednesday,0,1.0535927750332426,32.60964376111569
2024-04-18,Clothing,2,0,Thursday,0,0.9388141066490407,27.17507446545745
2024-04-19,Clothing,3,0,Friday,0,0.9262577321505547,37.139775929025404
2024-04-20,Clothing,4,1,Saturday,0,1.0256318778053761,25.00175177162304
2024-04-21,Toys,2,0,Sunday,0,1.0329811584361077,59.7876146768678
2024-04-22,Electronics,4,0,Monday,0,1.0332316114220268,39.85895443343221
2024-04-23,Electronics,2,0,Tuesday,0,0.9100142548764352,46.20078303582142
2024-04-24,Clothing,2,0,Wednesday,0,1.0407115601614638,44.3895941799972
2024-04-25,Home Goods,5,0,Thursday,0,0.9037573707488947,17.21252681973439
2024-04-26,Electronics,1,0,Friday,0,1.0834775838635384,57.073895125139394
2024-04-27,Toys,1,0,Saturday,0,,34.425994454428846
2024-04-28,Home Goods,3,0,Sunday,0,1.0826127704720705,11.777474824477903
2024-04-29,Home Goods,5,1,Monday,0,0.9650334404361883,16.307495666100376
2024-04-30,Home Goods,4,0,Tuesday,0,1.045226410233607,5.435906167117727
2024-05-01,Home Goods,4,0,Wednesday,0,1.0057024531885261,19.0259315629261
2024-05-02,Clothing,2,0,Thursday,0,0.9050256512073767,16.308164180993696
2024-05-03,Home Goods,3,0,Friday,0,,18.12043002820165
2024-05-04,Clothing,5,0,Saturday,0,0.9034329717932635,25.368948691044547
2024-05-05,Toys,5,0,Sunday,0,1.0423382592121953,28.993480396964156
2024-05-06,Toys,4,0,Monday,0,1.0771536053525879,31.712052510474557
2024-05-07,Toys,3,1,Tuesday,0,0.9628023341103175,18.483848891168346
2024-05-08,Toys,1,0,Wednesday,0,1.004477428260582,42.585920042826615
2024-05-09,Clothing,2,0,Thursday,0,1.0993471949218523,30.807256738461906
2024-05-10,Electronics,2,0,Friday,0,0.9425381763394671,57.08481457476177
2024-05-11,Electronics,5,1,Saturday,0,1.0508224410417581,39.14440773626419
2024-05-12,Electronics,2,0,Sunday,0,,11.779728105820324
2024-05-13,Home Goods,4,0,Monday,0,1.0752084448426136,20.84134220250814
2024-05-14,Electronics,4,0,Tuesday,0,1.0025663989505174,23.560100076689842
2024-05-15,Home Goods,5,0,Wednesday,0,1.046493296405828,6.343190542718902
2024-05-16,Electronics,4,0,Thursday,0,0.9942704579563992,42.59057561879872
2024-05-17,Electronics,2,0,Friday,0,1.0948976531790806,29.904429805364746
2024-05-18,Clothing,5,1,Saturday,0,0.9629950899010526,38.060703465472116
2024-05-19,Toys,1,0,Sunday,0,,23.561709816298237
2024-05-20,Clothing,2,0,Monday,0,0.9023551243534339,19.93710381166129
2024-05-21,Electronics,3,0,Tuesday,0,0.9165228265437273,43.49972998696064
2024-05-22,Clothing,5,1,Wednesday,0,0.9289926125050493,42.4128162831402
2024-05-23,Electronics,3,1,Thursday,0,0.9496540701673195,10.875229701772572
2024-05-24,Clothing,1,0,Friday,0,0.9437312636329752,35.34497949883769
2024-05-25,Electronics,2,0,Saturday,0,0.9060751495932284,26.282523377741242
2024-05-26,Electronics,1,0,Sunday,0,1.0795161295436733,21.751351049101615
2024-05-27,Toys,4,0,Monday,0,1.0700153873183478,35.34642844266591
2024-05-28,Electronics,4,0,Tuesday,0,1.0812213463804115,48.03554631201283
2024-05-29,Home Goods,2,0,Wednesday,0,0.9671874899987911,20.845899284076722
2024-05-30,Clothing,2,0,Thursday,0,1.065898276171217,6.34449082362175
2024-05-31,Toys,2,0,Friday,0,1.0409464410797473,28.09741472474913
2024-06-01,Toys,4,0,Saturday,0,0.9749548687368731,18.12761204156108
2024-06-02,Home Goods,2,0,Sunday,0,0.9582551843626145,22.659824684948866
2024-06-03,Clothing,4,1,Monday,0,0.9586601374268499,64.17350040040635
2024-06-04,Toys,2,0,Tuesday,0,1.0469386083926884,31.72462154909177
2024-06-05,Home Goods,5,0,Wednesday,0,0.9873645692095068,29.005764619939445
2024-06-06,Electronics,4,0,Thursday,0,0.9340686421473262,19.94173566813964
2024-06-07,Home Goods,1,0,Friday,0,0.9552875455595637,29.913012245691597
2024-06-08,Electronics,1,1,Saturday,0,0.9613298406264695,69.61668886053015
2024-06-09,Home Goods,4,0,Sunday,0,1.0436833573460411,9.064796893761178
2024-06-10,Electronics,4,0,Monday,0,0.9409743325861865,36.25968304200023
2024-06-11,Electronics,5,1,Tuesday,0,1.0181118171029893,46.77563028528668
2024-06-12,Electronics,5,0,Wednesday,0,1.0051784473275704,38.98022454593911
2024-06-13,Home Goods,2,0,Thursday,0,1.0947712742895266,9.065292370872323
2024-06-14,Electronics,2,0,Friday,0,0.9205265251076645,33.54204010421227
2024-06-15,Clothing,3,0,Saturday,0,1.0129256725248434,28.103174370709617
2024-06-16,Home Goods,3,0,Sunday,0,0.955036780751742,23.57072639084411
2024-06-17,Electronics,3,0,Monday,0,0.9038397520455269,58.02104240042233
2024-06-18,Home Goods,4,0,Tuesday,0,0.970195637988401,9.065911755346223
2024-06-19,Electronics,2,0,Wednesday,0,0.9855187259517108,52.583006696451534
2024-06-20,Toys,5,0,Thursday,0,0.9410382892217255,49.86387736541769
2024-06-21,Home Goods,5,0,Friday,0,0.9010241479112354,6.346398384440561
2024-06-22,Home Goods,4,0,Saturday,0,1.0439716152924154,0.0
2024-06-23,Electronics,1,0,Sunday,0,0.9477198564411622,38.98608408319966
2024-06-24,Toys,3,0,Monday,0,1.0527833922994023,0.9066655072576676
2024-06-25,Electronics,2,0,Tuesday,0,0.9590688618951189,38.98714954823929
2024-06-26,Clothing,4,0,Wednesday,0,1.0749573790697529,16.32042514535378
2024-06-27,Electronics,4,0,Thursday,0,1.061737118560205,48.055241796443305
2024-06-28,Home Goods,3,0,Friday,0,0.917211809228919,8.160435586129424
2024-06-29,Clothing,2,1,Saturday,0,0.9328330583419705,20.673385974357792
2024-06-30,Home Goods,2,0,Sunday,0,0.9482119711338425,17.228057056428742
2024-07-01,Toys,1,0,Monday,0,0.9986441902532619,56.42013908558259
2024-07-02,Electronics,5,0,Tuesday,0,1.047350684543899,21.157841266382857
2024-07-03,Electronics,4,0,Wednesday,0,1.0954429349140309,83.62499150041394
2024-07-04,Electronics,3,0,Thursday,0,0.9334937577112894,22.165963282375905
2024-07-05,Clothing,4,0,Friday,0,1.0007507559925362,28.211611490606128
2024-07-06,Home Goods,5,0,Saturday,0,0.9424358842040943,35.2649962384109
2024-07-07,Electronics,1,0,Sunday,0,1.0761383552010169,43.32615883332565
2024-07-08,Toys,1,0,Monday,0,1.0286684559790231,44.33434972493545
2024-07-09,Electronics,4,0,Tuesday,0,0.9928703109049979,86.65468581973073
2024-07-10,Clothing,5,0,Wednesday,0,1.0403419417292044,33.251671016021305
2024-07-11,Home Goods,1,0,Thursday,0,1.0417477114402112,18.13752293808773
2024-07-12,Home Goods,2,0,Friday,0,1.0332341213797827,26.199002237653684
2024-07-13,Electronics,2,0,Saturday,0,0.9361510910169509,45.34504656281776
2024-07-14,Home Goods,1,0,Sunday,0,1.0377907302924605,19.14594794448942
2024-07-15,Clothing,3,1,Monday,0,1.05814876107385,33.8585600746648
2024-07-16,Home Goods,2,0,Tuesday,0,1.0376916451108458,21.161889211267642
2024-07-17,Electronics,4,0,Wednesday,0,0.925104041612459,55.424752899531455
2024-07-18,Home Goods,1,1,Thursday,0,1.0025927289015,22.976393342525295
2024-07-19,Electronics,1,0,Friday,0,1.0079384676440166,29.224759292127764
2024-07-20,Electronics,4,0,Saturday,0,0.9320530955659079,16.12422545462088
2024-07-21,Clothing,3,0,Sunday,0,0.9029926001655468,24.186668678341903
2024-07-22,Clothing,2,0,Monday,0,1.054208131815564,45.3506234611286
2024-07-23,Toys,1,0,Tuesday,0,1.0243714312701477,56.43710259765999
2024-07-24,Electronics,2,0,Wednesday,0,0.972548276051653,32.250213592893985
2024-07-25,Electronics,5,0,Thursday,0,1.084222892959875,44.34464963343403
2024-07-26,Home Goods,5,0,Friday,0,1.0086932442462873,30.235401535171906
2024-07-27,Toys,5,0,Saturday,0,0.9016958377924436,44.34586154468364
2024-07-28,Clothing,3,0,Sunday,0,0.9986010320822685,6.047245569917548
2024-07-29,Toys,5,0,Monday,0,0.9839984834048506,59.46539399668607
2024-07-30,Electronics,4,0,Tuesday,0,0.9353891526546037,47.37138489231841
2024-07-31,Clothing,1,0,Wednesday,0,0.9134422961950411,31.245382942339283
2024-08-01,Home Goods,1,0,Thursday,0,1.0202519384439561,19.150657679239714
2024-08-02,Clothing,4,0,Friday,0,0.9355364955616277,37.29389560579423
2024-08-03,Home Goods,4,0,Saturday,0,1.0062415906637558,27.21483623550024
2024-08-04,Clothing,1,0,Sunday,0,1.0147785708565036,17.135501405801822
2024-08-05,Electronics,5,1,Monday,0,1.0042599245386477,79.83236799934106
2024-08-06,Electronics,1,0,Tuesday,0,1.064362155504056,25.199955453273486
2024-08-07,Electronics,4,0,Wednesday,0,1.094493500698831,75.60089940104747
2024-08-08,Home Goods,3,0,Thursday,0,0.9494727281345361,27.216695684300607
2024-08-09,Home Goods,5,0,Friday,0,0.9837321865028945,10.08039540344666
2024-08-10,Clothing,5,0,Saturday,0,1.0733300177289447,23.185226240223912
2024-08-11,Home Goods,1,0,Sunday,0,1.0977000736121665,17.137140520280152
2024-08-12,Electronics,3,0,Monday,0,1.0280877597570848,35.28283024883292
2024-08-13,Clothing,5,0,Tuesday,0,1.0169192320006564,42.3399748491183
2024-08-14,Electronics,4,0,Wednesday,0,1.0626203524355096,58.47028803898761
2024-08-15,Toys,5,1,Thursday,0,0.9938930435504487,54.4385982521224
2024-08-16,Clothing,3,0,Friday,0,0.9737490556317847,34.27662282465972
2024-08-17,Toys,4,0,Saturday,0,0.9562933148557506,44.35858861264404
2024-08-18,Toys,5,0,Sunday,0,0.9110355398731952,28.228578480199523
2024-08-19,Clothing,1,0,Monday,0,1.0293627205142168,0.0
2024-08-20,Home Goods,5,0,Tuesday,0,1.0659242877485189,0.0
2024-08-21,Toys,5,0,Wednesday,0,1.06640065112112,55.45126653770179
2024-08-22,Clothing,1,0,Thursday,0,0.993694100603691,25.205465571163664
2024-08-23,Electronics,3,0,Friday,0,1.0102441941002653,38.312831190169916
2024-08-24,Electronics,2,0,Saturday,0,1.0773588816184556,61.503016786284526
2024-08-25,Clothing,5,0,Sunday,0,0.9046708975627125,18.14867917372111
2024-08-26,Home Goods,2,0,Monday,0,0.9526142264859102,19.157200899548023
2024-08-27,Toys,2,0,Tuesday,0,1.0628958672479478,73.60498817181637
2024-08-28,Clothing,3,0,Wednesday,0,1.017842368216962,28.232436037092977
2024-08-29,Home Goods,3,0,Thursday,0,0.909314856170723,12.099780780760494
2024-08-30,Toys,2,0,Friday,0,1.0214741205064153,0.0
2024-08-31,Clothing,4,0,Saturday,0,1.0230430840329878,15.125139325153038
2024-09-01,Home Goods,4,0,Sunday,0,1.0119958129660358,19.15877160505456
2024-09-02,Toys,1,1,Monday,0,0.9753995457258157,67.76247603172108
2024-09-03,Clothing,2,0,Tuesday,0,1.0492404237408002,43.36051019439513
2024-09-04,Clothing,1,0,Wednesday,0,1.0427301416814352,33.27712532638538
2024-09-05,Electronics,4,0,Thursday,0,1.0859079820283566,40.33646066021937
2024-09-06,Electronics,2,0,Friday,0,1.0984313225383824,22.185356512793412
2024-09-07,Clothing,1,0,Saturday,0,1.0302654676849639,29.244733196893144
2024-09-08,Clothing,2,0,Sunday,0,0.9941348949249397,34.28739709251146
2024-09-09,Toys,5,0,Monday,0,0.9166967268979217,50.423331787878226
2024-09-10,Home Goods,3,0,Tuesday,0,1.0882303910444893,23.19504956895051
2024-09-11,Clothing,2,0,Wednesday,0,0.9121729047255983,20.169883930267808
2024-09-12,Clothing,1,0,Thursday,0,0.9323198294553972,35.29777920108156
2024-09-13,Electronics,5,0,Friday,0,0.9696816135800017,52.44313141716659
2024-09-14,Toys,5,0,Saturday,0,0.9269813102269673,4.034142156237678
2024-09-15,Home Goods,2,0,Sunday,0,,0.0
2024-09-16,Clothing,1,0,Monday,0,1.0967827374411052,24.2055144407599
2024-09-17,Electronics,3,0,Tuesday,0,,78.66899689742017
2024-09-18,Home Goods,1,0,Wednesday,0,0.9555202761838353,16.137450641448133
2024-09-19,Electronics,4,0,Thursday,0,0.9949498964938173,29.24952896500333
2024-09-20,Clothing,4,0,Friday,0,0.9114132414727465,37.31887448173117
2024-09-21,Toys,4,0,Saturday,0,0.9546151139867654,65.56108075342816
2024-09-22,Electronics,4,0,Sunday,0,1.0719155609601005,51.44093550087262
2024-09-23,Toys,1,0,Monday,0,1.0278412308280116,5.043297884333226
2024-09-24,Electronics,1,0,Tuesday,0,1.0543126415725215,38.329587671901
2024-09-25,Toys,2,0,Wednesday,0,0.9283035537687677,89.77315571769326
2024-09-26,Toys,2,0,Thursday,0,0.9360916320033713,39.339336121500935
2024-09-27,Clothing,2,0,Friday,0,,29.252726580649714
2024-09-28,Clothing,5,0,Saturday,0,1.0379020561842527,45.39278220080252
2024-09-29,Home Goods,2,0,Sunday,0,1.0835203333124035,22.192330098688327
2024-09-30,Electronics,2,1,Monday,0,0.9820597524705039,66.57790004338409
2024-10-01,Home Goods,5,0,Tuesday,0,0.9569003448910908,14.526285775229356
2024-10-02,Electronics,4,0,Wednesday,0,1.087263939882199,95.63268811727276
2024-10-03,Clothing,2,0,Thursday,0,0.9768832985888015,39.94837761595805
2024-10-04,Electronics,4,0,Friday,0,1.020725125691727,37.527776615749836
2024-10-05,Home Goods,2,0,Saturday,0,1.0361064503523911,26.63297958658118
2024-10-06,Toys,1,0,Sunday,0,1.0244533738637864,38.73940874959276
2024-10-07,Clothing,1,0,Monday,0,0.9773110215062975,42.37180730535742
2024-10-08,Electronics,2,0,Tuesday,0,0.9642755308650611,94.42988946580658
2024-10-09,Toys,2,0,Wednesday,0,1.023353575922467,83.53527444871536
2024-10-10,Toys,5,0,Thursday,0,1.078577354440448,78.69372514584
2024-10-11,Clothing,1,0,Friday,0,1.063085025019831,23.003095520065173
2024-10-12,Electronics,1,0,Saturday,0,1.0179383916723168,60.53528907355037
2024-10-13,Electronics,4,0,Sunday,0,1.0196500477580142,2.4214446505398186
2024-10-14,Clothing,2,0,Monday,0,0.9534561955858281,26.636255124487253
2024-10-15,Clothing,1,0,Tuesday,0,0.9022644895384787,32.690396165739514
2024-10-16,Clothing,3,1,Wednesday,0,0.929828830915644,30.511453342179898
2024-10-17,Clothing,2,0,Thursday,0,1.0489612782192357,12.10788502726189
2024-10-18,Home Goods,3,0,Friday,0,0.9196727436003982,47.22139685856226
2024-10-19,Electronics,2,0,Saturday,0,0.9385907400092252,61.75190123334958
2024-10-20,Clothing,3,0,Sunday,0,1.0992819396759208,53.276878080456456
2024-10-21,Electronics,4,0,Monday,0,0.9894588371005073,90.81410128497706
2024-10-22,Electronics,3,0,Tuesday,0,1.0908487400541167,87.18272853359653
2024-10-23,Home Goods,2,1,Wednesday,0,0.9917982115163944,0.0
2024-10-24,Home Goods,3,0,Thursday,0,1.0083177625173023,52.06888584508609
2024-10-25,Electronics,2,1,Friday,0,1.076237689305382,62.48351681411613
2024-10-26,Toys,5,0,Saturday,0,0.9967059119543419,85.97655648123062
2024-10-27,Clothing,4,0,Sunday,0,0.910306574961149,37.53957282797316
2024-10-28,Clothing,5,0,Monday,0,1.084767212351527,31.48523324395467
2024-10-29,Electronics,4,0,Tuesday,0,0.9219748120158304,81.13613280554455
2024-10-30,Toys,5,0,Wednesday,0,0.9278601653366995,0.0
2024-10-31,Clothing,3,0,Thursday,0,0.9888676457302241,12.110201523101168
2024-11-01,Toys,5,0,Friday,0,,47.23043131578593
2024-11-02,Electronics,1,0,Saturday,0,0.9011707908447718,50.8642364464727
2024-11-03,Electronics,3,0,Sunday,0,1.0643535757681746,20.588186553631477
2024-11-04,Clothing,4,0,Monday,0,0.9852663641060554,60.55431730227342
2024-11-05,Home Goods,4,0,Tuesday,0,0.9747055800215271,35.12198395629425
2024-11-06,Electronics,5,0,Wednesday,0,0.9218090093153719,64.18933054630604
2024-11-07,Toys,1,0,Thursday,0,1.0224170081591517,55.71225571118254
2024-11-08,Electronics,4,0,Friday,0,1.0251679721592226,83.56952549452656
2024-11-09,Toys,4,0,Saturday,0,0.9691332192932326,23.012212772750466
2024-11-10,Electronics,2,0,Sunday,0,0.9904355159675076,44.813868807003395
2024-11-11,Home Goods,5,0,Monday,0,0.9363572720171612,15.745628519251062
2024-11-12,Electronics,1,0,Tuesday,0,0.9233841989927306,65.40581219601866
2024-11-13,Toys,1,1,Wednesday,0,1.0871358235282214,40.697505918015935
2024-11-14,Home Goods,5,0,Thursday,0,0.9806427812861657,10.901266615921818
2024-11-15,Electronics,5,0,Friday,0,1.0452049656541915,75.09864064339965
2024-11-16,Electronics,1,0,Saturday,0,1.0116202153618241,71.4658119886994
2024-11-17,Clothing,2,0,Sunday,0,1.0776422132418284,56.931170531677786
2024-11-18,Home Goods,2,0,Monday,0,1.037752267591011,16.958452736584185
2024-11-19,Toys,2,0,Tuesday,0,1.025268640189249,58.144061029367606
2024-11-20,Toys,3,0,Wednesday,0,1.0744920082586193,61.77890901567034
2024-11-21,Home Goods,1,0,Thursday,0,1.0491677112419804,23.015986485966362
2024-11-22,Electronics,3,0,Friday,0,0.9201714151576696,84.79689838421088
2024-11-23,Home Goods,2,0,Saturday,0,1.0752743031534044,24.228016314033066
2024-11-24,Electronics,3,0,Sunday,0,0.9258764217671087,15.74842579697287
2024-11-25,Electronics,2,0,Monday,0,0.9543088971011852,58.148828280977604
2024-11-26,Toys,1,0,Tuesday,0,0.9106107229461562,27.863360954187414
2024-11-27,Clothing,1,0,Wednesday,0,0.9760235764782454,41.18987902829155
2024-11-28,Home Goods,5,0,Thursday,0,0.9851507252260491,20.5952209355637
2024-11-29,Toys,5,0,Friday,0,1.028044959717953,58.152006665864846
2024-11-30,Electronics,4,0,Saturday,0,0.9828865990810995,64.21038475685971
2024-12-01,Clothing,4,0,Sunday,0,1.0064680071789172,20.59606522289074
2024-12-02,Home Goods,5,0,Monday,0,0.9765765070253132,37.558043908848326
2024-12-03,Toys,3,0,Tuesday,0,1.039261770322625,60.57831794216767
2024-12-04,Home Goods,1,0,Wednesday,0,0.928538189795112,10.904246229615234
2024-12-05,Clothing,4,0,Thursday,0,0.9983246533196355,60.579973509312836
2024-12-06,Home Goods,4,0,Friday,0,1.0577235135133998,29.078784628729167
2024-12-07,Toys,4,0,Saturday,0,0.9148082845959048,37.56061005545623
2024-12-08,Home Goods,4,0,Sunday,0,0.9665818245859399,9.693193111178635
2024-12-09,Clothing,5,0,Monday,0,0.9424464171414587,41.19663364995201
2024-12-10,Clothing,4,0,Tuesday,0,1.099547208122905,33.92710307007165
2024-12-11,Electronics,3,0,Wednesday,0,0.9259514512130597,73.9136273883168
2024-12-12,Electronics,1,0,Thursday,0,1.0217379569020466,59.37405298362537
2024-12-13,Electronics,1,1,Friday,0,0.9724266579020983,79.97430702407767
2024-12-14,Clothing,3,1,Saturday,0,1.0077146044030085,18.903276325876252
2024-12-15,Toys,1,0,Sunday,0,0.971098494178385,43.623541457098135
2024-12-16,Clothing,4,0,Monday,0,0.9766225425367951,9.694252789985526
2024-12-17,Electronics,2,0,Tuesday,0,0.9707701254244552,67.86069680587092
2024-12-18,Electronics,3,0,Wednesday,0,,52.10803278685896
2024-12-19,Home Goods,1,0,Thursday,0,1.0762266561192224,15.753806574031527
2024-12-20,Electronics,3,0,Friday,0,0.9188695451232487,67.8634787098134
2024-12-21,Home Goods,3,0,Saturday,0,1.0584094717638375,21.813559083151095
2024-12-22,Electronics,3,0,Sunday,0,1.0351454930740738,71.50097623521606
2024-12-23,Toys,1,0,Monday,0,0.9319932292807078,18.178462694945946
2024-12-24,Clothing,3,0,Tuesday,0,1.022231446657261,24.238281461596433
2024-12-25,Home Goods,5,0,Wednesday,0,0.9985477315059732,0.0
2024-12-26,Home Goods,3,0,Thursday,0,0.9591989312147068,26.66283826636177
2024-12-27,Toys,1,0,Friday,0,0.9675239320809457,43.630695168761875
2024-12-28,Toys,1,0,Saturday,0,1.078562384034998,44.84327168002756
2024-12-29,Electronics,4,0,Sunday,0,1.0782370974047613,48.47987507565242
2024-12-30,Electronics,4,0,Monday,0,0.9610987434194687,63.02469879329013
2024-12-31,Home Goods,5,0,Tuesday,0,0.9196235594584669,14.544359999999996
2025-01-01,Toys,4,0,Wednesday,0,1.0712174928005735,27.47305540292626
2025-01-02,Electronics,2,0,Thursday,0,0.9325879481532564,46.05839871252906
2025-01-03,Clothing,4,0,Friday,0,1.0835858908675848,42.82681558473253
2025-01-04,Toys,5,0,Saturday,0,1.0305980760793583,24.241924978662084
2025-01-05,Electronics,5,1,Sunday,0,1.0142764328677536,38.78760997542958
2025-01-06,Electronics,3,0,Monday,0,0.983490722507256,42.8285712414341
2025-01-07,Toys,1,0,Tuesday,0,1.0498846581378647,34.748183556266305
2025-01-08,Clothing,1,0,Wednesday,0,1.029892125937743,8.889191677573834
2025-01-09,Toys,1,0,Thursday,0,0.9515028966034785,12.121790651917252
2025-01-10,Toys,3,0,Friday,0,1.0777887112740667,30.70895593776862
2025-01-11,Clothing,5,0,Saturday,0,1.0248417666113887,34.75008287401249
2025-01-12,Toys,2,0,Sunday,0,,16.163050102172107
2025-01-13,Home Goods,2,1,Monday,0,0.9846032671353306,22.30531392981687
2025-01-14,Electronics,4,0,Tuesday,0,1.0787722021581247,46.874126301538425
2025-01-15,Toys,1,0,Wednesday,0,1.0484595571432858,11.314598886931206
2025-01-16,Home Goods,1,1,Thursday,0,0.9787249898617324,18.426884265392054
2025-01-17,Home Goods,3,0,Friday,0,1.0305955935168756,0.8082077219834428
2025-01-18,Electronics,4,1,Saturday,0,1.0472454674670792,40.73422579688065
2025-01-19,Toys,2,0,Sunday,0,0.9200656278719221,31.52096258179887
2025-01-20,Electronics,4,0,Monday,0,0.925841677388859,20.20602134798042
2025-01-21,Electronics,4,0,Tuesday,0,1.0431074664328015,12.932030371194116
2025-01-22,Electronics,2,0,Wednesday,0,0.9661715989401833,42.0296730168101
2025-01-23,Toys,4,0,Thursday,0,0.9576432058918373,33.94750746295491
2025-01-24,Toys,4,0,Friday,0,0.9167751778938215,50.113671980675605
2025-01-25,Home Goods,5,0,Saturday,0,0.9047436804624714,13.741033306118005
2025-01-26,Electronics,4,0,Sunday,0,0.9574575900941745,60.623034139911375
2025-01-27,Toys,2,0,Monday,0,1.099634707125968,36.37431751731412
2025-01-28,Toys,2,1,Tuesday,0,1.059140027275064,34.919821975174244
2025-01-29,Electronics,4,0,Wednesday,0,1.0404747976463962,54.96713753557416
2025-01-30,Home Goods,4,0,Thursday,0,0.9501299675451907,14.550323463266771
2025-01-31,Home Goods,4,0,Friday,0,,15.358884636785206
2025-02-01,Home Goods,5,1,Saturday,0,0.9988907366321677,6.790336520058713
2025-02-02,Electronics,3,0,Sunday,0,1.061548990595746,37.994068742821305
2025-02-03,Clothing,5,0,Monday,0,0.9377351158960762,46.88693827958793
2025-02-04,Toys,5,0,Tuesday,0,0.9079192292159487,8.892471873697758
2025-02-05,Toys,1,0,Wednesday,0,0.9527187901121407,46.07980208946268
2025-02-06,Electronics,4,0,Thursday,0,1.0608550370594632,36.37928822454906
2025-02-07,Home Goods,1,0,Friday,0,1.0434563214789896,22.63631087363694
2025-02-08,Electronics,3,0,Saturday,0,1.0317726902451747,54.166198310730124
2025-02-09,Toys,2,0,Sunday,0,1.001978212955969,25.870776582522804
2025-02-10,Home Goods,3,0,Monday,0,0.9636171828429178,13.744037863550256
2025-02-11,Toys,1,0,Tuesday,0,0.904441979222907,5.659387040671224
2025-02-12,Toys,2,0,Wednesday,0,1.0185261464359803,46.89270481213586
2025-02-13,Home Goods,3,0,Thursday,0,0.9230653227410319,28.297708540712172
2025-02-14,Home Goods,1,0,Friday,0,0.9133064819798782,22.638476173852574
2025-02-15,Electronics,3,0,Saturday,0,1.0236862140910072,26.681425790677157
2025-02-16,Clothing,2,0,Sunday,0,0.9294410021775128,29.107407688842052
2025-02-17,Home Goods,4,0,Monday,0,0.9311421582326405,21.83085407223976
2025-02-18,Home Goods,1,0,Tuesday,0,0.987284927029856,16.979785185941044
2025-02-19,Toys,1,0,Wednesday,0,0.9484768703281408,41.23718464740485
2025-02-20,Home Goods,1,0,Thursday,0,0.951322285628374,20.21458241992775
2025-02-21,Clothing,3,0,Friday,0,0.9137024107049441,46.089877708141444
2025-02-22,Clothing,3,0,Saturday,0,1.0073428413967211,37.195848163909794
2025-02-23,Clothing,1,0,Sunday,0,1.0779683031100087,33.96189065343155
2025-02-24,Electronics,4,0,Monday,0,1.0496303417183148,66.30745447044603
2025-02-25,Home Goods,3,1,Tuesday,0,0.925405736062085,8.733296265541695
2025-02-26,Home Goods,3,0,Wednesday,0,0.9944905497157864,12.12974389230582
2025-02-27,Clothing,1,0,Thursday,0,0.9578291184714695,32.34642570744213
2025-02-28,Clothing,2,0,Friday,0,0.9157324528361264,24.260150781081315
2025-03-01,Toys,1,0,Saturday,0,1.0306323657011773,21.834434057499763
2025-03-02,Electronics,1,0,Sunday,0,1.008912733968534,28.304282761615315
2025-03-03,Home Goods,5,0,Monday,0,1.0711369503036945,18.600211404149047
2025-03-04,Electronics,4,0,Tuesday,0,1.09912689358315,49.33166955103728
2025-03-05,Toys,2,0,Wednesday,0,0.9577191695344107,18.600719736171786
2025-03-06,Clothing,4,0,Thursday,0,1.0101427322001135,25.87961587115517
2025-03-07,Toys,2,0,Friday,0,0.993208722833656,54.18618615216624
2025-03-08,Electronics,2,0,Saturday,0,0.9841542902280969,55.80444678076275
2025-03-09,Toys,2,0,Sunday,0,1.0558704145410374,57.422751624979675
2025-03-10,Electronics,2,0,Monday,0,0.9462629200420682,38.01276345519166
2025-03-11,Clothing,5,0,Tuesday,0,0.9117835753391453,45.29242215971171
2025-03-12,Home Goods,2,0,Wednesday,0,1.0682918340550467,13.749673179572165
2025-03-13,Toys,5,0,Thursday,0,1.083738482140216,10.514599636585919
2025-03-14,Toys,4,0,Friday,0,1.0606176477444094,53.38254298022023
2025-03-15,Home Goods,2,0,Saturday,0,0.9019742936477859,17.794424143605973
2025-03-16,Clothing,4,0,Sunday,0,1.0631662905047632,34.7804860807497
2025-03-17,Home Goods,1,0,Monday,0,0.9845229918051248,5.6620169626274945
2025-03-18,Clothing,4,0,Tuesday,0,0.9469881939675556,36.39917784710277
2025-03-19,Home Goods,4,0,Wednesday,0,0.9515923413005505,8.897698388814415
2025-03-20,Toys,5,0,Thursday,0,1.0955410563664363,51.769134383829105
2025-03-21,Clothing,2,1,Friday,0,0.9433192898540748,14.560268002835276
2025-03-22,Home Goods,5,0,Saturday,0,0.9855230428479982,10.515892806565823
2025-03-23,Clothing,3,0,Sunday,0,0.9144193191787893,25.8856283124587
2025-03-24,Home Goods,4,0,Monday,0,1.0683590756349919,16.17873876810832
2025-03-25,Clothing,3,0,Tuesday,0,0.9931329199988839,21.84159578933361
2025-03-26,Clothing,2,1,Wednesday,0,0.925599986147732,18.44426625200823
2025-03-27,Clothing,2,0,Thursday,0,1.032054783084261,16.988372104933532
2025-03-28,Toys,3,0,Friday,0,1.0051389943141928,44.49396349641089
2025-03-29,Clothing,2,0,Saturday,0,0.9433335830156112,22.651781848542495
2025-03-30,Clothing,5,0,Sunday,0,0.9502387779365538,9.708039161086695
2025-03-31,Toys,3,0,Monday,0,0.9964394997369983,25.888458179914256
2025-04-01,Home Goods,5,0,Tuesday,0,0.9920863562971992,13.652303168899257
2025-04-02,Home Goods,2,0,Wednesday,0,0.9470128664553124,24.574481499660287
2025-04-03,Toys,5,0,Thursday,0,1.0848968938652779,52.79034827383868
2025-04-04,Home Goods,3,0,Friday,0,0.9724138088129367,22.75477139324919
2025-04-05,Clothing,2,0,Saturday,0,1.0423283734080515,40.048944897078684
2025-04-06,Clothing,5,1,Sunday,0,1.0326302723644476,38.229060688175004
2025-04-07,Electronics,3,0,Monday,0,1.085321563331997,39.13981124103645
2025-04-08,Electronics,4,0,Tuesday,0,0.9844404415248547,21.84577455099638
2025-04-09,Home Goods,3,0,Wednesday,0,1.0195256416273668,22.75632610891985
2025-04-10,Electronics,5,0,Thursday,0,0.9165055351675594,53.70566347292996
2025-04-11,Electronics,1,0,Friday,0,0.953202967718662,50.06528565484797
2025-04-12,Electronics,1,0,Saturday,0,1.085990308046596,57.34829265306147
2025-04-13,Home Goods,1,0,Sunday,0,0.9377670003474492,19.11635876466835
2025-04-14,Toys,5,0,Monday,0,1.099004486535614,8.192837135093827
2025-04-15,Clothing,2,0,Tuesday,0,1.0600878774844706,24.578847260578623
2025-04-16,Home Goods,5,0,Wednesday,0,0.9121390445208387,5.462040693436687
2025-04-17,Toys,5,0,Thursday,0,0.9804640215447848,36.41410219991252
2025-04-18,Clothing,4,1,Friday,0,1.0604532074010398,39.32776776641001
2025-04-19,Electronics,5,0,Saturday,0,0.9525385778868725,81.02359165784578
2025-04-20,Toys,3,0,Sunday,0,1.0712962427402797,34.59481522312622
2025-04-21,Home Goods,3,0,Monday,0,1.0179403817869814,21.84965554554623
2025-04-22,Toys,3,0,Tuesday,0,1.0443124202157574,23.670783621490532
2025-04-23,Toys,2,0,Wednesday,0,0.9901666820467151,40.05879658517693
2025-04-24,Electronics,1,0,Thursday,0,0.9943032472012259,32.77582688637343
2025-04-25,Toys,5,0,Friday,0,0.9328145914379025,31.865822678113535
2025-04-26,Toys,4,0,Saturday,0,1.0724510154038733,48.25461942604047
2025-04-27,Home Goods,1,0,Sunday,0,0.9174652827698594,10.925723503168733
2025-04-28,Home Goods,3,1,Monday,0,1.0722759987532697,20.759158317545122
2025-04-29,Electronics,5,0,Tuesday,0,0.9402060175651841,40.06208101971992
2025-04-30,Toys,1,1,Wednesday,0,0.949696185684988,34.96374846690122
2025-05-01,Toys,3,0,Thursday,0,1.0241813904408514,29.136855193509682
2025-05-02,Clothing,4,0,Friday,0,0.932318062930269,32.77941000379733
2025-05-03,Clothing,1,0,Saturday,0,1.0988271195449755,20.032135396176926
2025-05-04,Clothing,1,0,Sunday,0,1.0441098450523119,20.942973178339095
2025-05-05,Clothing,1,0,Monday,0,1.0729385463708898,19.122106368060265
2025-05-06,Electronics,3,0,Tuesday,0,1.0336310862673987,32.78120170939912
2025-05-07,Clothing,4,0,Wednesday,0,1.0958139862854075,14.569622067156223
2025-05-08,Electronics,4,1,Thursday,0,1.0775949454327622,74.30608789089626
2025-05-09,Home Goods,5,0,Friday,0,1.0454043912669575,0.0
2025-05-10,Toys,3,0,Saturday,0,0.9879882574087622,40.06810318247564
2025-05-11,Electronics,5,0,Sunday,0,0.9497715787505523,55.54972028406658
2025-05-12,Toys,3,0,Monday,0,0.9679419558112459,35.51588023904827
2025-05-13,Toys,5,0,Tuesday,0,0.9522961113262995,32.784337429858454
2025-05-14,Home Goods,4,1,Wednesday,0,0.9370454994065069,0.0
2025-05-15,Clothing,5,0,Thursday,0,1.0801235424543034,39.16013990051391
2025-05-16,Clothing,5,0,Friday,0,0.9141678408863123,47.35709535826427
2025-05-17,Toys,3,0,Saturday,0,1.0505017034811992,10.928709801596934
2025-05-18,Home Goods,2,0,Sunday,0,0.9787334285195672,3.642953045980903
2025-05-19,Toys,3,0,Monday,0,0.9788465771003837,46.448286024398676
2025-05-20,Electronics,3,0,Tuesday,0,1.043225067151807,56.46731538657341
2025-05-21,Clothing,3,0,Wednesday,0,0.9894171381515966,10.01853156262187
2025-05-22,Clothing,2,0,Thursday,0,0.9665172016376277,24.591277133397632
2025-05-23,Electronics,4,0,Friday,0,1.0738369464236528,64.66683461416514
2025-05-24,Toys,5,1,Saturday,0,1.0118660704127374,52.46282495458245
2025-05-25,Toys,5,1,Sunday,0,1.011200711912557,53.55653229256003
2025-05-26,Toys,3,0,Monday,0,1.0157097233039385,46.452729084237625
2025-05-27,Clothing,5,1,Tuesday,0,0.9526267465837067,9.837182931197324
2025-05-28,Home Goods,3,0,Wednesday,0,1.0689642679936058,8.197764460229358
2025-05-29,Toys,1,0,Thursday,0,0.9173500005118637,28.23713009545262
2025-05-30,Electronics,1,0,Friday,0,0.9765455228261526,51.00970622191887
2025-05-31,Toys,4,0,Saturday,0,1.0225133465143712,40.99050261054126
2025-06-01,Electronics,1,0,Sunday,0,1.0023697247989647,66.49661287145642
2025-06-02,Clothing,5,0,Monday,0,1.0267733738759146,40.99162285507249
2025-06-03,Electronics,3,0,Tuesday,0,0.954818468789625,2.7328121992545924
2025-06-04,Clothing,3,0,Wednesday,0,0.9793231480516408,0.0
2025-06-05,Toys,2,0,Thursday,0,0.9563592166783003,15.486359016614543
2025-06-06,Clothing,2,0,Friday,0,0.980620687750206,32.795090748786
2025-06-07,Clothing,1,0,Saturday,0,0.9408200368810983,20.041718204613368
2025-06-08,Home Goods,4,0,Sunday,0,1.0641711283452,9.109996393858436
2025-06-09,Electronics,2,0,Monday,0,1.0901562543391188,30.97441098598194
2025-06-10,Clothing,4,0,Tuesday,0,1.0997662650314042,30.063809702198437
2025-06-11,Home Goods,4,0,Wednesday,0,1.0054455201103738,20.042813674567604
2025-06-12,Home Goods,3,0,Thursday,0,1.065209114776271,17.309939248946677
2025-06-13,Toys,5,0,Friday,0,1.017512302042823,12.754866365817358
2025-06-14,Toys,4,0,Saturday,0,0.9231608373424172,20.043635316327922
2025-06-15,Electronics,1,0,Sunday,0,0.9252876465410637,52.843033357053656
2025-06-16,Clothing,2,0,Monday,0,0.9896769590240608,24.599679254444414
2025-06-17,Toys,5,0,Tuesday,0,1.0995100963985731,36.444467257765275
2025-06-18,Home Goods,1,0,Wednesday,0,1.059891616677425,30.97822046801804
2025-06-19,Clothing,3,0,Thursday,0,0.9144823357159854,8.200229233955243
2025-06-20,Clothing,1,0,Friday,0,0.9454231766695046,22.778725796474895
2025-06-21,Toys,4,1,Saturday,0,0.974118235214615,79.81774585276828
2025-06-22,Home Goods,5,0,Sunday,0,1.04408294949147,11.845261128820727
2025-06-23,Home Goods,4,0,Monday,0,1.0192502913832258,4.555931919025076
2025-06-24,Toys,1,0,Tuesday,0,0.9195101712241311,25.513567374230767
2025-06-25,Home Goods,4,0,Wednesday,0,0.9604904599375785,11.845746717389448
2025-06-26,Electronics,4,0,Thursday,0,0.9885375349896623,27.336712118467577
2025-06-27,Electronics,4,0,Friday,0,1.0646492196193085,61.96406083714971
2025-06-28,Home Goods,5,1,Saturday,0,1.0837987476681576,43.7399347416537
2025-06-29,Toys,2,0,Sunday,0,1.0800849613835402,16.402699661233882
2025-06-30,Home Goods,1,0,Monday,0,0.9300002286543319,25.51565924041603
2025-07-01,Clothing,4,0,Tuesday,0,1.0436413411995438,29.36365988659472
2025-07-02,Clothing,1,0,Wednesday,0,1.0908789942480708,24.301291968816876
2025-07-03,Toys,5,0,Thursday,0,1.0448370975477927,36.45243605403586
2025-07-04,Electronics,5,0,Friday,0,0.9423516579257267,61.76747177391157
2025-07-05,Clothing,5,0,Saturday,0,0.9504058038810347,10.125953410021127
2025-07-06,Clothing,3,0,Sunday,0,0.9312810014636879,28.353056975682364
2025-07-07,Toys,5,0,Monday,0,1.0320783437336036,75.94672609446327
2025-07-08,Clothing,3,0,Tuesday,0,0.941806366290419,42.53074777021648
2025-07-09,Electronics,2,0,Wednesday,0,0.9642965220364579,65.82229478109195
2025-07-10,Toys,4,0,Thursday,0,0.9103728154790042,35.443258423895436
2025-07-11,Electronics,2,0,Friday,0,0.9693362583765757,60.76070184259389
2025-07-12,Toys,5,0,Saturday,0,1.0119656719333172,28.35538165259902
2025-07-13,Toys,2,0,Sunday,0,1.0833247330065467,34.43200535669961
2025-07-14,Electronics,5,1,Monday,0,0.9178585480768117,71.7005673706421
2025-07-15,Toys,3,0,Tuesday,0,1.0364327118284395,35.44568007816471
2025-07-16,Home Goods,4,0,Wednesday,0,0.9769029978173349,36.45891198398397
2025-07-17,Toys,4,0,Thursday,0,1.0357336237562669,26.331796241177393
2025-07-18,Home Goods,3,0,Friday,0,0.9376343836251306,15.19162849291968
2025-07-19,Home Goods,3,0,Saturday,0,0.9760814410055111,17.217414224344925
2025-07-20,Clothing,4,0,Sunday,0,0.9068933609861767,20.256058227367475
2025-07-21,Electronics,1,0,Monday,0,0.902546293511138,45.576753790750516
2025-07-22,Electronics,5,0,Tuesday,0,1.062526882850627,41.52605421590674
2025-07-23,Electronics,4,0,Wednesday,0,1.0262536962273439,25.32111076368227
2025-07-24,Electronics,4,0,Thursday,0,1.0195899331931282,66.84864586302055
2025-07-25,Toys,5,0,Friday,0,0.934548142313815,22.2831864408006
2025-07-26,Toys,2,0,Saturday,0,0.9174315965657868,59.76027113426726
2025-07-27,Home Goods,2,0,Sunday,0,0.9808958871277063,0.0
2025-07-28,Home Goods,2,0,Monday,0,1.0372276455038008,37.477804419563995
2025-07-29,Toys,3,0,Tuesday,0,0.9515595121391437,60.77564844068085
2025-07-30,Toys,5,0,Wednesday,0,0.9689118091707836,21.2717676202634
2025-07-31,Toys,1,0,Thursday,0,1.0011096420507983,28.362744387013784
2025-08-01,Home Goods,3,0,Friday,0,0.950318403261765,8.103751986373014
2025-08-02,Clothing,1,0,Saturday,0,1.0089117094173743,28.363519522893235
2025-08-03,Toys,5,0,Sunday,0,1.0618967585334933,81.03973456793403
2025-08-04,Clothing,3,0,Monday,0,1.0034878747931983,51.66353673849248
2025-08-05,Toys,4,0,Tuesday,0,1.0539620745765237,36.46887719969898
2025-08-06,Toys,1,0,Wednesday,0,0.9353505719265723,6.078229255329564
2025-08-07,Toys,1,0,Thursday,0,0.9796818014463033,35.45682181909126
2025-08-08,Clothing,4,0,Friday,0,0.910144749369624,25.326647372890843
2025-08-09,Electronics,3,0,Saturday,0,1.0988768055585554,19.2485150228814
2025-08-10,Toys,3,1,Sunday,0,0.9474707575593908,60.78561488197835
2025-08-11,Electronics,4,0,Monday,0,0.9200610473100274,75.9830568656539
2025-08-12,Clothing,4,0,Tuesday,0,1.0896080892078377,44.577335817239764
2025-08-13,Clothing,2,0,Wednesday,0,1.0058142021588037,43.56480983582494
2025-08-14,Clothing,1,0,Thursday,0,1.0702088989247278,38.49966034842995
2025-08-15,Electronics,5,0,Friday,0,0.9221145071584386,32.42120962570844
2025-08-16,Clothing,4,0,Saturday,0,0.9393489382334467,27.355769421974745
2025-08-17,Electronics,2,0,Sunday,0,0.9649386838935197,44.58038155570726
2025-08-18,Toys,3,0,Monday,0,1.0014348053759408,23.303699698921857
2025-08-19,Home Goods,1,0,Tuesday,0,0.970952984200915,16.211490876131393
2025-08-20,Clothing,4,1,Wednesday,0,1.0865016977624105,15.80641958953009
2025-08-21,Home Goods,4,0,Thursday,0,1.0570895061259236,15.198688055560988
2025-08-22,Clothing,1,0,Friday,0,1.029601738997446,15.19889573941169
2025-08-23,Home Goods,4,0,Saturday,0,0.9006522302696168,26.345112605240523
2025-08-24,Home Goods,4,0,Sunday,0,1.0846632635545674,11.146161484793037
2025-08-25,Toys,1,0,Monday,0,0.914276052645658,17.22612131572362
2025-08-26,Electronics,5,0,Tuesday,0,1.0039464246338703,85.1184684178865
2025-08-27,Home Goods,5,1,Wednesday,0,1.077057162343199,12.159947360987745
2025-08-28,Clothing,5,0,Thursday,0,0.9544789386968192,12.16011352169076
2025-08-29,Home Goods,4,0,Friday,0,1.077744661481404,33.44076913282681
2025-08-30,Clothing,4,0,Saturday,0,1.0236359295326052,43.574930962171685
2025-08-31,Clothing,1,0,Sunday,0,0.951343203145707,23.30783970006083
2025-09-01,Home Goods,4,0,Monday,0,0.9388023876652594,23.308158192149268
2025-09-02,Electronics,5,0,Tuesday,0,1.097587977887911,68.91201803583063
2025-09-03,Electronics,3,0,Wednesday,0,1.0002022985425,22.295369311583165
2025-09-04,Toys,1,0,Thursday,0,1.007503779102255,77.0214191645247
2025-09-05,Electronics,2,0,Friday,0,1.0265776029151594,31.417060796728364
2025-09-06,Toys,3,0,Saturday,0,0.9817812931992697,30.404022675487337
2025-09-07,Electronics,4,0,Sunday,0,1.000088652446138,35.47184448967987
2025-09-08,Toys,2,0,Monday,0,1.0743570472000457,37.49931943779526
2025-09-09,Electronics,3,0,Tuesday,0,,61.82404710511748
2025-09-10,Toys,1,0,Wednesday,0,1.0141451717709717,55.743754996684316
2025-09-11,Clothing,3,0,Thursday,0,0.9930019170858284,33.446710027366585
2025-09-12,Toys,5,0,Friday,0,0.936453196857016,33.44716706296771
2025-09-13,Home Goods,2,0,Saturday,0,1.0401332779851151,17.23059423581329
2025-09-14,Clothing,1,0,Sunday,0,1.0673634090457451,18.244407901584896
2025-09-15,Clothing,4,0,Monday,0,1.0320218924224598,24.326209605267373
2025-09-16,Clothing,3,0,Tuesday,0,1.0592349707291797,0.0
2025-09-17,Clothing,2,0,Wednesday,0,1.061934055825136,21.28601512205196
2025-09-18,Toys,4,0,Thursday,0,0.9463661039510973,37.50444388139054
2025-09-19,Electronics,4,1,Friday,0,0.9161688618567468,40.14043978445525
2025-09-20,Toys,2,0,Saturday,0,1.0748400680274122,35.4781462133755
2025-09-21,Clothing,3,0,Sunday,0,0.9984559624779917,25.34187929122896
2025-09-22,Toys,2,0,Monday,0,1.0354157048370458,72.98560966359103
2025-09-23,Electronics,2,0,Tuesday,0,1.0397865202960859,44.60292648904305
2025-09-24,Toys,5,0,Wednesday,0,0.9018717844457748,56.76813668880495
2025-09-25,Electronics,5,0,Thursday,0,0.9671545339659274,28.38445620107739
2025-09-26,Electronics,1,0,Friday,0,1.069593702106834,43.5910105254016
2025-09-27,Home Goods,5,0,Saturday,0,0.9401669263983801,11.151341115485605
2025-09-28,Clothing,3,0,Sunday,0,0.9332443554063059,35.4820247536273
2025-09-29,Clothing,5,0,Monday,0,1.0280041102989912,32.44115163517348
2025-09-30,Electronics,2,0,Tuesday,0,1.0104624893937522,28.386395563951943
2025-10-01,Toys,1,0,Wednesday,0,0.9804412765172095,43.796751612316505
2025-10-02,Electronics,1,0,Thursday,0,1.034681125519589,108.2767821348033
2025-10-03,Toys,2,0,Friday,0,1.0908684803419662,18.249145229108105
2025-10-04,Toys,2,0,Saturday,0,1.0495290072792227,54.748183788622136
2025-10-05,Electronics,2,0,Sunday,0,1.02963425446906,79.081790522428
2025-10-06,Toys,2,0,Monday,0,0.9818807735053527,49.8830417977178
2025-10-07,Clothing,2,1,Tuesday,0,0.9835398171389431,40.88031968820884
2025-10-08,Toys,1,0,Wednesday,0,0.9273462675949901,45.01763384341047
2025-10-09,Clothing,2,0,Thursday,0,0.9955058819823558,45.01824899094898
2025-10-10,Home Goods,3,0,Friday,0,1.0095703450061868,17.03416481233798
2025-10-11,Electronics,4,0,Saturday,0,0.9897893968447414,20.684625629490185
2025-10-12,Home Goods,1,0,Sunday,0,0.9159930905943274,27.98546413870234
2025-10-13,Toys,5,0,Monday,0,0.9360802527021406,69.35622840308675
2025-10-14,Toys,1,1,Tuesday,0,0.9622837861101486,89.06921565854677
2025-10-15,Clothing,5,0,Wednesday,0,0.9776055758199319,4.86723676245455
2025-10-16,Home Goods,1,0,Thursday,0,1.048114153643728,20.686038902823157
2025-10-17,Home Goods,3,0,Friday,0,0.9793316222794628,15.818951788117655
2025-10-18,Toys,3,0,Saturday,0,,30.421476822342996
2025-10-19,Clothing,3,0,Sunday,0,0.9738041786927202,21.903762613946935
2025-10-20,Clothing,4,1,Monday,0,1.0112905974669064,35.0464990718348
2025-10-21,Toys,3,0,Tuesday,0,1.0529762114038261,57.194720989278544
2025-10-22,Clothing,3,0,Wednesday,0,1.0520582739055249,31.640065230317738
2025-10-23,Home Goods,5,1,Thursday,0,0.9691046916821495,27.746282492228673
2025-10-24,Toys,3,0,Friday,0,0.951562192420257,49.895312587134235
2025-10-25,Toys,3,0,Saturday,0,1.0823370025014651,70.5845774243184
2025-10-26,Electronics,3,0,Sunday,0,0.9719862975363702,74.23651824058933
2025-10-27,Home Goods,2,0,Monday,0,1.0928349449229164,18.255130980054687
2025-10-28,Clothing,5,1,Tuesday,0,1.0574405443567025,58.41721737262975
2025-10-29,Toys,2,0,Wednesday,0,1.0792766329781183,42.596469722910875
2025-10-30,Home Goods,2,0,Thursday,0,1.085923109904607,43.81411040869658
2025-10-31,Clothing,2,0,Friday,0,0.9146769202455005,46.24885961672335
2025-11-01,Clothing,4,0,Saturday,0,0.9255237515148231,60.854594195339544
2025-11-02,Electronics,4,0,Sunday,0,1.008540233189932,12.171085149691681
2025-11-03,Home Goods,5,0,Monday,0,0.9821367373012432,38.94800468028166
2025-11-04,Clothing,2,0,Tuesday,0,1.0280026054743259,0.0
2025-11-05,Electronics,5,0,Wednesday,0,1.0895262332028601,85.20108866638965
2025-11-06,Clothing,2,0,Thursday,0,0.9866404256108056,34.0809011617557
2025-11-07,Home Goods,4,1,Friday,0,1.0876898758674836,43.818900252838795
2025-11-08,Electronics,4,0,Saturday,0,1.0381460655022585,0.0
2025-11-09,Toys,2,0,Sunday,0,0.9986574676186384,46.25454767322843
2025-11-10,Home Goods,2,0,Monday,0,0.931510332226239,29.21379771959248
2025-11-11,Home Goods,1,0,Tuesday,0,0.9123605178195238,25.5624222999072
2025-11-12,Toys,4,0,Wednesday,0,,43.821894171332495
2025-11-13,Toys,2,0,Thursday,0,0.9263173103902647,42.60520150792292
2025-11-14,Electronics,2,0,Friday,0,0.9753854802306998,38.953859374227285
2025-11-15,Electronics,1,0,Saturday,0,0.970171504864625,71.82215962823197
2025-11-16,Clothing,5,0,Sunday,0,1.0021000608143125,52.345679069349906
2025-11-17,Clothing,3,0,Monday,0,0.956351425024922,35.30338223714359
2025-11-18,Home Goods,2,0,Tuesday,0,0.9519777722307112,30.434366071905536
2025-11-19,Home Goods,2,0,Wednesday,0,1.0223306960739238,19.47826044483815
2025-11-20,Toys,2,1,Thursday,0,0.9916056927145263,52.592021839693004
2025-11-21,Toys,3,0,Friday,0,1.0367521138979723,86.43714293190155
2025-11-22,Clothing,1,0,Saturday,0,0.976418329560269,58.43717682934763
2025-11-23,Home Goods,5,0,Sunday,0,0.9167686517339675,23.131698575823062
2025-11-24,Clothing,2,0,Monday,0,1.0475739141880287,32.871810307758366
2025-11-25,Electronics,1,0,Tuesday,0,0.9584566904120123,21.914839658393433
2025-11-26,Clothing,4,0,Wednesday,0,1.00825341029388,13.392585015153992
2025-11-27,Clothing,1,1,Thursday,0,0.9783535428522371,32.14264324643033
2025-11-28,Electronics,4,0,Friday,0,0.9742832018516354,46.26655808995162
2025-11-29,Electronics,4,0,Saturday,0,0.9677611325256014,82.79391949052508
2025-11-30,Clothing,3,0,Sunday,0,1.0546952621399153,25.569059816858942
2025-12-01,Toys,4,0,Monday,0,1.040720122794975,71.8378639641945
2025-12-02,Electronics,1,0,Tuesday,0,1.0953959035594114,82.79731357195787
2025-12-03,Electronics,5,0,Wednesday,0,1.036467872689209,38.96397410040224
2025-12-04,Electronics,2,0,Thursday,0,1.0496676106140472,103.49947046276459
2025-12-05,Home Goods,5,0,Friday,0,0.9772798102912881,13.394232142909066
2025-12-06,Electronics,5,0,Saturday,0,0.9866735591489482,26.788830339216748
2025-12-07,Clothing,3,0,Sunday,0,1.0496701473115917,69.4083724847358
2025-12-08,Clothing,1,1,Monday,0,0.9008593669340728,36.531221537754476
2025-12-09,Toys,1,0,Tuesday,0,1.0662208578624992,63.321649251367425
2025-12-10,Clothing,3,0,Wednesday,0,1.097955441042151,32.87899792165694
2025-12-11,Electronics,1,0,Thursday,0,0.9602796740910369,63.32337979202353
2025-12-12,Electronics,3,0,Friday,0,0.9033666672464553,47.493183810065226
2025-12-13,Toys,3,0,Saturday,0,0.9714138999491582,68.19627271689532
2025-12-14,Toys,4,0,Sunday,0,0.9843233434931401,76.7218551649266
2025-12-15,Clothing,4,0,Monday,0,1.0868809299140336,7.306943194063939
2025-12-16,Electronics,1,0,Tuesday,0,1.0335240275998894,79.15963293822554
2025-12-17,Clothing,3,0,Wednesday,0,0.9081287834361736,28.010714404780472
2025-12-18,Home Goods,3,1,Thursday,0,1.0587449682398118,51.15069916123993
2025-12-19,Electronics,2,0,Friday,0,0.9053300334814409,28.01147991990298
2025-12-20,Clothing,3,1,Saturday,0,1.059990842506251,0.0
2025-12-21,Home Goods,5,0,Sunday,0,1.002427079599607,7.307542292855618
2025-12-22,Clothing,2,0,Monday,0,0.9697046186952596,7.307642147429707
2025-12-23,Home Goods,4,0,Tuesday,0,0.9751273393257256,53.59010802470065
2025-12-24,Electronics,2,0,Wednesday,0,0.9638163455179763,43.847051164027945
2025-12-25,Toys,3,0,Thursday,0,0.9751856085006061,0.0
2025-12-26,Clothing,1,0,Friday,0,0.9282945244912895,21.924124738112933
2025-12-27,Electronics,1,0,Saturday,0,1.0825937408701565,75.51746155459868
2025-12-28,Home Goods,2,0,Sunday,0,1.0425398048243326,36.54120651764408
2025-12-29,Home Goods,3,0,Monday,0,0.9716834544215156,37.759762699548766
2025-12-30,Clothing,5,0,Tuesday,0,1.0753131739204616,32.88798464915245
2025-12-31,Home Goods,2,0,Wednesday,0,1.0078696674848628,14.617081799999994
